"U:0","U:1","U:2","p","vtkValidPointMask","arc_length","Points:0","Points:1","Points:2"
1.0064,-1.0733e-23,-1.7069e-05,-0.024981,1,0,0.068,0,-0.15
1.0064,-6.204e-24,-2.7326e-05,-0.024983,1,0.00030171,0.068032,0,-0.1497
1.0066,-2.9777e-24,-4.1318e-05,-0.024985,1,0.0006034,0.068064,0,-0.1494
1.0067,-2.8954e-24,-6.0969e-05,-0.024987,1,0.00090511,0.068096,0,-0.1491
1.007,-9.0523e-24,-7.9153e-05,-0.02499,1,0.0012068,0.068128,0,-0.1488
1.0072,-1.4543e-23,-9.653e-05,-0.024993,1,0.0015085,0.06816,0,-0.1485
1.0076,-5.9955e-24,-0.00011228,-0.024996,1,0.0018102,0.068192,0,-0.1482
1.0079,-1.0008e-24,-0.00012699,-0.025,1,0.0021119,0.068224,0,-0.1479
1.0082,3.025e-24,-0.00014094,-0.025004,1,0.0024136,0.068256,0,-0.1476
1.0086,-1.9452e-23,-0.00015372,-0.025009,1,0.0027153,0.068288,0,-0.1473
1.0089,-2.786e-23,-0.00016618,-0.025014,1,0.003017,0.06832,0,-0.147
1.0093,-1.5234e-23,-0.0001782,-0.025019,1,0.0033187,0.068352,0,-0.1467
1.0096,2.9117e-23,-0.00018999,-0.025024,1,0.0036204,0.068384,0,-0.1464
1.01,6.2067e-23,-0.00020167,-0.02503,1,0.0039221,0.068416,0,-0.1461
1.0103,1.4284e-24,-0.00021329,-0.025037,1,0.0042238,0.068448,0,-0.1458
1.0106,-3.4806e-23,-0.0002249,-0.025043,1,0.0045255,0.06848,0,-0.1455
1.0109,-4.7981e-23,-0.00023647,-0.02505,1,0.0048272,0.068512,0,-0.1452
1.0112,-8.6006e-24,-0.00024805,-0.025058,1,0.0051289,0.068544,0,-0.1449
1.0115,1.9908e-23,-0.00025959,-0.025066,1,0.0054306,0.068576,0,-0.1446
1.0118,3.0379e-23,-0.00027108,-0.025074,1,0.0057323,0.068608,0,-0.1443
1.012,4.339e-23,-0.00028254,-0.025082,1,0.006034,0.06864,0,-0.144
1.0123,5.1706e-23,-0.00029394,-0.025091,1,0.0063357,0.068672,0,-0.1437
1.0126,1.0134e-24,-0.00030531,-0.025101,1,0.0066374,0.068704,0,-0.1434
1.0129,-1.9638e-23,-0.00031664,-0.02511,1,0.0069391,0.068736,0,-0.1431
1.0131,-1.466e-23,-0.00032792,-0.02512,1,0.0072408,0.068768,0,-0.1428
1.0134,-9.3176e-25,-0.00033919,-0.025131,1,0.0075425,0.0688,0,-0.1425
1.0136,-6.3557e-24,-0.0003504,-0.025141,1,0.0078442,0.068832,0,-0.1422
1.0139,-5.2218e-23,-0.00036156,-0.025152,1,0.008146,0.068864,0,-0.1419
1.0141,-5.6569e-23,-0.00037264,-0.025164,1,0.0084476,0.068896,0,-0.1416
1.0144,-2.9927e-23,-0.00038365,-0.025176,1,0.0087494,0.068928,0,-0.1413
1.0146,2.9379e-23,-0.00039459,-0.025188,1,0.0090511,0.06896,0,-0.141
1.0149,4.069e-23,-0.00040544,-0.0252,1,0.0093528,0.068992,0,-0.1407
1.0151,-2.6103e-24,-0.00041623,-0.025213,1,0.0096545,0.069024,0,-0.1404
1.0153,2.556e-23,-0.00042694,-0.025227,1,0.0099562,0.069056,0,-0.1401
1.0156,2.1731e-23,-0.00043758,-0.02524,1,0.010258,0.069088,0,-0.1398
1.0158,-4.0948e-23,-0.00044815,-0.025254,1,0.01056,0.06912,0,-0.1395
1.016,-4.0665e-23,-0.00045865,-0.025269,1,0.010861,0.069152,0,-0.1392
1.0163,-1.0194e-23,-0.00046908,-0.025284,1,0.011163,0.069184,0,-0.1389
1.0165,1.1296e-23,-0.00047942,-0.025299,1,0.011465,0.069216,0,-0.1386
1.0167,-1.5499e-23,-0.00048968,-0.025315,1,0.011766,0.069248,0,-0.1383
1.0169,-6.9055e-23,-0.00049986,-0.02533,1,0.012068,0.06928,0,-0.138
1.0172,-1.894e-24,-0.00050995,-0.025347,1,0.01237,0.069312,0,-0.1377
1.0174,4.7882e-23,-0.00051995,-0.025364,1,0.012671,0.069344,0,-0.1374
1.0176,3.6541e-23,-0.00052987,-0.025381,1,0.012973,0.069376,0,-0.1371
1.0178,5.5019e-24,-0.0005397,-0.025398,1,0.013275,0.069408,0,-0.1368
1.018,-3.1097e-23,-0.00054945,-0.025416,1,0.013577,0.06944,0,-0.1365
1.0183,-3.9606e-23,-0.00055912,-0.025434,1,0.013878,0.069472,0,-0.1362
1.0185,-2.5038e-23,-0.0005687,-0.025453,1,0.01418,0.069504,0,-0.1359
1.0187,1.6649e-23,-0.00057822,-0.025472,1,0.014482,0.069536,0,-0.1356
1.0189,2.2171e-23,-0.00058764,-0.025491,1,0.014783,0.069568,0,-0.1353
1.0191,2.9457e-23,-0.00059699,-0.025511,1,0.015085,0.0696,0,-0.135
1.0193,2.4108e-23,-0.00060624,-0.025531,1,0.015387,0.069632,0,-0.1347
1.0195,1.9879e-23,-0.00061538,-0.025552,1,0.015688,0.069664,0,-0.1344
1.0197,1.3251e-23,-0.00062443,-0.025573,1,0.01599,0.069696,0,-0.1341
1.02,4.3388e-24,-0.00063337,-0.025594,1,0.016292,0.069728,0,-0.1338
1.0202,-1.4723e-24,-0.00064221,-0.025616,1,0.016594,0.06976,0,-0.1335
1.0204,-7.5483e-24,-0.00065097,-0.025638,1,0.016895,0.069792,0,-0.1332
1.0206,-7.1515e-23,-0.00065963,-0.025661,1,0.017197,0.069824,0,-0.1329
1.0208,-1.1355e-22,-0.0006682,-0.025684,1,0.017499,0.069856,0,-0.1326
1.021,-3.2634e-23,-0.00067669,-0.025707,1,0.0178,0.069888,0,-0.1323
1.0212,2.7337e-23,-0.00068509,-0.025731,1,0.018102,0.06992,0,-0.132
1.0214,8.9156e-23,-0.00069339,-0.025755,1,0.018404,0.069952,0,-0.1317
1.0216,4.2978e-23,-0.00070158,-0.025779,1,0.018706,0.069984,0,-0.1314
1.0218,3.4759e-23,-0.00070967,-0.025804,1,0.019007,0.070016,0,-0.1311
1.022,7.9572e-23,-0.00071766,-0.02583,1,0.019309,0.070048,0,-0.1308
1.0222,5.2556e-23,-0.00072552,-0.025855,1,0.019611,0.07008,0,-0.1305
1.0224,4.1214e-23,-0.0007333,-0.025881,1,0.019912,0.070112,0,-0.1302
1.0226,4.2128e-23,-0.00074096,-0.025908,1,0.020214,0.070144,0,-0.1299
1.0228,-1.1105e-23,-0.00074853,-0.025935,1,0.020516,0.070176,0,-0.1296
1.023,-9.2526e-23,-0.000756,-0.025962,1,0.020817,0.070208,0,-0.1293
1.0232,-1.2483e-22,-0.00076335,-0.02599,1,0.021119,0.07024,0,-0.129
1.0234,-1.181e-22,-0.0007706,-0.026018,1,0.021421,0.070272,0,-0.1287
1.0236,-6.7779e-23,-0.00077775,-0.026047,1,0.021723,0.070304,0,-0.1284
1.0238,2.3908e-24,-0.00078478,-0.026076,1,0.022024,0.070336,0,-0.1281
1.024,7.1995e-23,-0.00079171,-0.026105,1,0.022326,0.070368,0,-0.1278
1.0242,1.3676e-22,-0.00079852,-0.026135,1,0.022628,0.0704,0,-0.1275
1.0244,1.2014e-22,-0.00080521,-0.026165,1,0.022929,0.070432,0,-0.1272
1.0246,4.4401e-23,-0.0008118,-0.026196,1,0.023231,0.070464,0,-0.1269
1.0248,-9.3386e-24,-0.00081826,-0.026227,1,0.023533,0.070496,0,-0.1266
1.025,-3.6121e-23,-0.0008246,-0.026259,1,0.023834,0.070528,0,-0.1263
1.0252,1.4199e-23,-0.00083082,-0.026291,1,0.024136,0.07056,0,-0.126
1.0254,4.3963e-23,-0.00083691,-0.026323,1,0.024438,0.070592,0,-0.1257
1.0256,4.567e-23,-0.0008429,-0.026356,1,0.02474,0.070624,0,-0.1254
1.0258,2.0645e-23,-0.00084875,-0.026389,1,0.025041,0.070656,0,-0.1251
1.026,-2.9001e-23,-0.0008545,-0.026423,1,0.025343,0.070688,0,-0.1248
1.0262,-9.1314e-23,-0.00086013,-0.026457,1,0.025645,0.07072,0,-0.1245
1.0264,-9.2612e-23,-0.00086562,-0.026491,1,0.025946,0.070752,0,-0.1242
1.0265,-2.6252e-23,-0.000871,-0.026526,1,0.026248,0.070784,0,-0.1239
1.0267,1.3696e-22,-0.00087625,-0.026561,1,0.02655,0.070816,0,-0.1236
1.0269,7.2671e-23,-0.00088136,-0.026597,1,0.026851,0.070848,0,-0.1233
1.0271,-5.7446e-23,-0.00088635,-0.026633,1,0.027153,0.07088,0,-0.123
1.0273,3.3695e-23,-0.00089118,-0.02667,1,0.027455,0.070912,0,-0.1227
1.0275,1.201e-22,-0.00089589,-0.026707,1,0.027757,0.070944,0,-0.1224
1.0277,1.8374e-22,-0.00090047,-0.026745,1,0.028058,0.070976,0,-0.1221
1.0279,-9.3662e-24,-0.00090489,-0.026783,1,0.02836,0.071008,0,-0.1218
1.0281,-1.3445e-22,-0.0009092,-0.026821,1,0.028662,0.07104,0,-0.1215
1.0283,-1.3198e-23,-0.00091337,-0.02686,1,0.028963,0.071072,0,-0.1212
1.0285,3.4444e-24,-0.00091739,-0.0269,1,0.029265,0.071104,0,-0.1209
1.0287,-1.9267e-23,-0.00092129,-0.026939,1,0.029567,0.071136,0,-0.1206
1.0289,-1.1154e-22,-0.00092502,-0.02698,1,0.029868,0.071168,0,-0.1203
1.029,-1.5101e-22,-0.00092861,-0.02702,1,0.03017,0.0712,0,-0.12
1.0292,-1.2979e-22,-0.00093207,-0.027062,1,0.030472,0.071232,0,-0.1197
1.0294,-3.8005e-23,-0.00093536,-0.027103,1,0.030774,0.071264,0,-0.1194
1.0296,5.0713e-23,-0.00093851,-0.027145,1,0.031075,0.071296,0,-0.1191
1.0298,1.1463e-22,-0.0009415,-0.027188,1,0.031377,0.071328,0,-0.1188
1.03,1.0566e-22,-0.00094434,-0.027231,1,0.031679,0.07136,0,-0.1185
1.0302,6.3177e-23,-0.00094704,-0.027274,1,0.03198,0.071392,0,-0.1182
1.0304,-5.2032e-23,-0.00094955,-0.027318,1,0.032282,0.071424,0,-0.1179
1.0306,-1.6739e-22,-0.00095191,-0.027363,1,0.032584,0.071456,0,-0.1176
1.0308,-2.618e-22,-0.00095413,-0.027408,1,0.032886,0.071488,0,-0.1173
1.031,-2.7855e-22,-0.00095617,-0.027453,1,0.033187,0.07152,0,-0.117
1.0311,-2.0175e-22,-0.00095807,-0.027499,1,0.033489,0.071552,0,-0.1167
1.0313,2.2411e-22,-0.00095979,-0.027545,1,0.033791,0.071584,0,-0.1164
1.0315,4.8852e-22,-0.00096134,-0.027592,1,0.034092,0.071616,0,-0.1161
1.0317,6.5308e-22,-0.00096275,-0.027639,1,0.034394,0.071648,0,-0.1158
1.0319,1.9613e-22,-0.00096394,-0.027687,1,0.034696,0.07168,0,-0.1155
1.0321,-1.5129e-22,-0.00096498,-0.027735,1,0.034997,0.071712,0,-0.1152
1.0323,-3.5658e-22,-0.00096584,-0.027784,1,0.035299,0.071744,0,-0.1149
1.0325,-1.5353e-22,-0.0009665,-0.027833,1,0.035601,0.071776,0,-0.1146
1.0327,1.2442e-22,-0.00096701,-0.027882,1,0.035903,0.071808,0,-0.1143
1.0328,3.435e-22,-0.00096732,-0.027933,1,0.036204,0.07184,0,-0.114
1.033,1.6668e-22,-0.00096745,-0.027983,1,0.036506,0.071872,0,-0.1137
1.0332,-3.7089e-22,-0.00096742,-0.028034,1,0.036808,0.071904,0,-0.1134
1.0334,-2.546e-22,-0.00096717,-0.028086,1,0.037109,0.071936,0,-0.1131
1.0336,-7.2217e-23,-0.00096676,-0.028138,1,0.037411,0.071968,0,-0.1128
1.0338,1.5546e-22,-0.00096616,-0.028191,1,0.037713,0.072,0,-0.1125
1.034,1.2773e-22,-0.00096535,-0.028244,1,0.038014,0.072032,0,-0.1122
1.0342,-2.5211e-23,-0.00096437,-0.028297,1,0.038316,0.072064,0,-0.1119
1.0344,-1.2966e-22,-0.00096315,-0.028352,1,0.038618,0.072096,0,-0.1116
1.0346,-1.3865e-22,-0.00096175,-0.028406,1,0.03892,0.072128,0,-0.1113
1.0347,-1.56e-24,-0.00096016,-0.028461,1,0.039221,0.07216,0,-0.111
1.0349,2.7639e-22,-0.00095833,-0.028517,1,0.039523,0.072192,0,-0.1107
1.0351,3.9435e-22,-0.00095632,-0.028573,1,0.039825,0.072224,0,-0.1104
1.0353,6.6397e-23,-0.00095408,-0.02863,1,0.040126,0.072256,0,-0.1101
1.0355,-5.2746e-23,-0.00095163,-0.028687,1,0.040428,0.072288,0,-0.1098
1.0357,-4.7305e-23,-0.000949,-0.028745,1,0.04073,0.07232,0,-0.1095
1.0359,-1.343e-22,-0.00094609,-0.028803,1,0.041031,0.072352,0,-0.1092
1.0361,-9.2684e-23,-0.00094301,-0.028862,1,0.041333,0.072384,0,-0.1089
1.0363,9.6313e-23,-0.00093972,-0.028921,1,0.041635,0.072416,0,-0.1086
1.0364,2.5727e-22,-0.00093617,-0.028981,1,0.041937,0.072448,0,-0.1083
1.0366,2.3952e-22,-0.00093243,-0.029041,1,0.042238,0.07248,0,-0.108
1.0368,-2.4718e-22,-0.00092843,-0.029102,1,0.04254,0.072512,0,-0.1077
1.037,-2.9945e-22,-0.0009242,-0.029164,1,0.042842,0.072544,0,-0.1074
1.0372,-1.013e-22,-0.00091978,-0.029225,1,0.043143,0.072576,0,-0.1071
1.0374,7.1628e-23,-0.00091504,-0.029288,1,0.043445,0.072608,0,-0.1068
1.0376,1.035e-22,-0.00091011,-0.029351,1,0.043747,0.07264,0,-0.1065
1.0378,-1.0663e-22,-0.00090494,-0.029414,1,0.044048,0.072672,0,-0.1062
1.038,-1.5286e-22,-0.00089949,-0.029479,1,0.04435,0.072704,0,-0.1059
1.0382,-1.8333e-22,-0.00089384,-0.029543,1,0.044652,0.072736,0,-0.1056
1.0383,-2.36e-22,-0.00088789,-0.029609,1,0.044954,0.072768,0,-0.1053
1.0385,-1.5675e-23,-0.0008817,-0.029674,1,0.045255,0.0728,0,-0.105
1.0387,3.7919e-22,-0.0008753,-0.029741,1,0.045557,0.072832,0,-0.1047
1.0389,3.4939e-22,-0.00086857,-0.029808,1,0.045859,0.072864,0,-0.1044
1.0391,2.0089e-22,-0.00086164,-0.029875,1,0.04616,0.072896,0,-0.1041
1.0393,-2.1507e-22,-0.00085442,-0.029943,1,0.046462,0.072928,0,-0.1038
1.0395,-1.5201e-22,-0.00084691,-0.030011,1,0.046764,0.07296,0,-0.1035
1.0397,5.8162e-23,-0.00083918,-0.03008,1,0.047065,0.072992,0,-0.1032
1.0399,-4.6074e-23,-0.00083112,-0.03015,1,0.047367,0.073024,0,-0.1029
1.0401,-5.8844e-23,-0.0008228,-0.03022,1,0.047669,0.073056,0,-0.1026
1.0403,2.6072e-23,-0.00081423,-0.030291,1,0.047971,0.073088,0,-0.1023
1.0404,1.6308e-22,-0.00080531,-0.030363,1,0.048272,0.07312,0,-0.102
1.0406,1.7152e-22,-0.00079616,-0.030435,1,0.048574,0.073152,0,-0.1017
1.0408,-2.1755e-22,-0.00078668,-0.030507,1,0.048876,0.073184,0,-0.1014
1.041,-5.6031e-23,-0.0007769,-0.03058,1,0.049177,0.073216,0,-0.1011
1.0412,3.6761e-22,-0.00076688,-0.030654,1,0.049479,0.073248,0,-0.1008
1.0414,3.6698e-22,-0.00075649,-0.030728,1,0.049781,0.07328,0,-0.1005
1.0416,1.6118e-22,-0.00074584,-0.030803,1,0.050083,0.073312,0,-0.1002
1.0418,-3.3643e-22,-0.00073491,-0.030879,1,0.050384,0.073344,0,-0.0999
1.042,-2.3551e-22,-0.0007236,-0.030955,1,0.050686,0.073376,0,-0.0996
1.0422,-2.5949e-23,-0.00071205,-0.031031,1,0.050988,0.073408,0,-0.0993
1.0424,7.0534e-23,-0.00070012,-0.031109,1,0.051289,0.07344,0,-0.099
1.0426,-7.9207e-23,-0.00068788,-0.031187,1,0.051591,0.073472,0,-0.0987
1.0428,-4.4817e-22,-0.00067538,-0.031265,1,0.051893,0.073504,0,-0.0984
1.043,-3.283e-22,-0.00066243,-0.031344,1,0.052194,0.073536,0,-0.0981
1.0431,-9.4017e-23,-0.00064922,-0.031424,1,0.052496,0.073568,0,-0.0978
1.0433,2.7837e-22,-0.00063567,-0.031504,1,0.052798,0.0736,0,-0.0975
1.0435,1.6273e-22,-0.00062173,-0.031585,1,0.0531,0.073632,0,-0.0972
1.0437,-1.2272e-22,-0.00060752,-0.031667,1,0.053401,0.073664,0,-0.0969
1.0439,-4.0749e-22,-0.00059288,-0.031749,1,0.053703,0.073696,0,-0.0966
1.0441,-1.8913e-22,-0.00057792,-0.031832,1,0.054005,0.073728,0,-0.0963
1.0443,3.4501e-22,-0.00056268,-0.031915,1,0.054306,0.07376,0,-0.096
1.0445,3.7727e-22,-0.00054697,-0.031999,1,0.054608,0.073792,0,-0.0957
1.0447,3.1601e-22,-0.00053097,-0.032083,1,0.05491,0.073824,0,-0.0954
1.0449,6.951e-23,-0.00051459,-0.032169,1,0.055211,0.073856,0,-0.0951
1.0451,-4.4586e-23,-0.00049779,-0.032255,1,0.055513,0.073888,0,-0.0948
1.0453,-1.1226e-22,-0.00048071,-0.032341,1,0.055815,0.07392,0,-0.0945
1.0455,1.2891e-23,-0.00046312,-0.032428,1,0.056117,0.073952,0,-0.0942
1.0457,2.3889e-22,-0.00044521,-0.032516,1,0.056418,0.073984,0,-0.0939
1.0459,5.4759e-22,-0.00042694,-0.032604,1,0.05672,0.074016,0,-0.0936
1.0461,4.4499e-23,-0.00040818,-0.032694,1,0.057022,0.074048,0,-0.0933
1.0463,-3.8943e-22,-0.00038911,-0.032783,1,0.057323,0.07408,0,-0.093
1.0465,-1.5937e-22,-0.00036958,-0.032874,1,0.057625,0.074112,0,-0.0927
1.0467,3.4616e-22,-0.00034962,-0.032965,1,0.057927,0.074144,0,-0.0924
1.0469,9.1774e-22,-0.00032938,-0.033056,1,0.058228,0.074176,0,-0.0921
1.0471,-7.4188e-23,-0.00030857,-0.033149,1,0.05853,0.074208,0,-0.0918
1.0473,-6.9103e-22,-0.00028743,-0.033242,1,0.058832,0.07424,0,-0.0915
1.0475,-7.8844e-22,-0.00026588,-0.033335,1,0.059134,0.074272,0,-0.0912
1.0477,-1.1135e-22,-0.00024381,-0.03343,1,0.059435,0.074304,0,-0.0909
1.0479,5.523e-22,-0.00022141,-0.033525,1,0.059737,0.074336,0,-0.0906
1.0481,4.464e-22,-0.00019847,-0.03362,1,0.060039,0.074368,0,-0.0903
1.0483,-3.9883e-23,-0.00017511,-0.033717,1,0.06034,0.0744,0,-0.09
1.0484,-7.8322e-22,-0.00015139,-0.033814,1,0.060642,0.074432,0,-0.0897
1.0486,-2.4615e-22,-0.00012704,-0.033911,1,0.060944,0.074464,0,-0.0894
1.0489,3.6461e-22,-0.00010234,-0.03401,1,0.061245,0.074496,0,-0.0891
1.0491,9.1029e-22,-7.7148e-05,-0.034109,1,0.061547,0.074528,0,-0.0888
1.0493,4.3684e-22,-5.1427e-05,-0.034209,1,0.061849,0.07456,0,-0.0885
1.0495,-4.7818e-22,-2.535e-05,-0.034309,1,0.062151,0.074592,0,-0.0882
1.0497,-7.8105e-22,1.3389e-06,-0.03441,1,0.062452,0.074624,0,-0.0879
1.0499,-7.4693e-22,2.8427e-05,-0.034512,1,0.062754,0.074656,0,-0.0876
1.0501,-4.9546e-22,5.5949e-05,-0.034614,1,0.063056,0.074688,0,-0.0873
1.0503,-2.3477e-22,8.4116e-05,-0.034718,1,0.063357,0.07472,0,-0.087
1.0505,6.8824e-24,0.00011266,-0.034821,1,0.063659,0.074752,0,-0.0867
1.0507,-5.6379e-23,0.00014178,-0.034926,1,0.063961,0.074784,0,-0.0864
1.0509,-1.6901e-22,0.00017144,-0.035032,1,0.064262,0.074816,0,-0.0861
1.0511,-2.7517e-22,0.00020149,-0.035137,1,0.064564,0.074848,0,-0.0858
1.0513,5.0935e-22,0.00023228,-0.035244,1,0.064866,0.07488,0,-0.0855
1.0515,9.2568e-22,0.00026348,-0.035352,1,0.065168,0.074912,0,-0.0852
1.0517,7.2462e-22,0.0002952,-0.03546,1,0.065469,0.074944,0,-0.0849
1.0519,-1.1248e-22,0.00032759,-0.035569,1,0.065771,0.074976,0,-0.0846
1.0521,-7.9267e-22,0.00036038,-0.035678,1,0.066073,0.075008,0,-0.0843
1.0523,1.3162e-22,0.00039386,-0.035789,1,0.066374,0.07504,0,-0.084
1.0525,8.1713e-22,0.00042786,-0.0359,1,0.066676,0.075072,0,-0.0837
1.0527,1.3406e-21,0.00046227,-0.036011,1,0.066978,0.075104,0,-0.0834
1.0529,-4.3769e-22,0.00049748,-0.036124,1,0.06728,0.075136,0,-0.0831
1.0531,-1.2697e-21,0.00053313,-0.036237,1,0.067581,0.075168,0,-0.0828
1.0533,-1.616e-22,0.00056939,-0.036351,1,0.067883,0.0752,0,-0.0825
1.0535,2.1386e-22,0.00060633,-0.036466,1,0.068185,0.075232,0,-0.0822
1.0537,3.0623e-22,0.0006437,-0.036581,1,0.068486,0.075264,0,-0.0819
1.0539,-1.7017e-24,0.00068189,-0.036698,1,0.068788,0.075296,0,-0.0816
1.0541,3.6091e-23,0.0007206,-0.036815,1,0.06909,0.075328,0,-0.0813
1.0543,4.2653e-22,0.00075986,-0.036932,1,0.069391,0.07536,0,-0.081
1.0546,5.3322e-23,0.00079994,-0.037051,1,0.069693,0.075392,0,-0.0807
1.0548,-1.2998e-22,0.00084049,-0.03717,1,0.069995,0.075424,0,-0.0804
1.055,3.6268e-22,0.00088178,-0.03729,1,0.070297,0.075456,0,-0.0801
1.0552,-4.7986e-23,0.00092374,-0.037411,1,0.070598,0.075488,0,-0.0798
1.0554,-9.0363e-22,0.00096614,-0.037532,1,0.0709,0.07552,0,-0.0795
1.0556,-5.7568e-22,0.0010095,-0.037655,1,0.071202,0.075552,0,-0.0792
1.0558,-1.1355e-22,0.0010533,-0.037777,1,0.071503,0.075584,0,-0.0789
1.056,3.6052e-22,0.0010978,-0.037901,1,0.071805,0.075616,0,-0.0786
1.0562,2.2096e-22,0.0011431,-0.038026,1,0.072107,0.075648,0,-0.0783
1.0564,-2.0578e-23,0.0011889,-0.038151,1,0.072408,0.07568,0,-0.078
1.0567,2.3107e-22,0.0012357,-0.038277,1,0.07271,0.075712,0,-0.0777
1.0569,-2.0747e-23,0.001283,-0.038404,1,0.073012,0.075744,0,-0.0774
1.0571,-5.9053e-22,0.001331,-0.038531,1,0.073314,0.075776,0,-0.0771
1.0573,1.9761e-22,0.0013799,-0.03866,1,0.073615,0.075808,0,-0.0768
1.0575,9.7174e-22,0.0014294,-0.038789,1,0.073917,0.07584,0,-0.0765
1.0577,1.3322e-21,0.0014797,-0.038919,1,0.074219,0.075872,0,-0.0762
1.0579,6.3482e-22,0.0015308,-0.03905,1,0.07452,0.075904,0,-0.0759
1.0581,-4.7868e-22,0.0015824,-0.039181,1,0.074822,0.075936,0,-0.0756
1.0584,-9.4176e-22,0.0016351,-0.039314,1,0.075124,0.075968,0,-0.0753
1.0586,-7.8599e-22,0.0016883,-0.039447,1,0.075425,0.076,0,-0.075
1.0588,2.4176e-22,0.0017423,-0.039581,1,0.075727,0.076032,0,-0.0747
1.059,4.3733e-22,0.0017973,-0.039715,1,0.076029,0.076064,0,-0.0744
1.0592,1.9477e-22,0.0018528,-0.039851,1,0.076331,0.076096,0,-0.0741
1.0594,-1.195e-21,0.0019093,-0.039987,1,0.076632,0.076128,0,-0.0738
1.0596,-1.1443e-21,0.0019666,-0.040124,1,0.076934,0.07616,0,-0.0735
1.0599,-2.4025e-22,0.0020245,-0.040262,1,0.077236,0.076192,0,-0.0732
1.0601,2.3637e-22,0.0020836,-0.040401,1,0.077537,0.076224,0,-0.0729
1.0603,5.8513e-23,0.0021434,-0.04054,1,0.077839,0.076256,0,-0.0726
1.0605,-1.1534e-21,0.002204,-0.04068,1,0.078141,0.076288,0,-0.0723
1.0607,-7.9973e-22,0.0022656,-0.040821,1,0.078442,0.07632,0,-0.072
1.061,9.2228e-23,0.0023278,-0.040963,1,0.078744,0.076352,0,-0.0717
1.0612,4.3421e-22,0.0023912,-0.041106,1,0.079046,0.076384,0,-0.0714
1.0614,-1.4477e-22,0.0024553,-0.04125,1,0.079348,0.076416,0,-0.0711
1.0616,-1.5971e-21,0.0025201,-0.041394,1,0.079649,0.076448,0,-0.0708
1.0618,-6.0876e-22,0.0025861,-0.041539,1,0.079951,0.07648,0,-0.0705
1.062,4.3586e-22,0.0026528,-0.041685,1,0.080253,0.076512,0,-0.0702
1.0623,9.1256e-22,0.0027205,-0.041831,1,0.080554,0.076544,0,-0.0699
1.0625,1.0231e-21,0.0027892,-0.041979,1,0.080856,0.076576,0,-0.0696
1.0627,1.0128e-21,0.0028585,-0.042127,1,0.081158,0.076608,0,-0.0693
1.0629,8.5099e-22,0.0029293,-0.042277,1,0.081459,0.07664,0,-0.069
1.0631,4.161e-22,0.0030007,-0.042427,1,0.081761,0.076672,0,-0.0687
1.0634,-7.7628e-22,0.0030731,-0.042577,1,0.082063,0.076704,0,-0.0684
1.0636,-7.5763e-22,0.0031467,-0.042729,1,0.082365,0.076736,0,-0.0681
1.0638,-2.5697e-22,0.0032211,-0.042882,1,0.082666,0.076768,0,-0.0678
1.064,6.2718e-22,0.0032966,-0.043035,1,0.082968,0.0768,0,-0.0675
1.0643,1.7276e-22,0.0033731,-0.043189,1,0.08327,0.076832,0,-0.0672
1.0645,-1.4235e-21,0.0034504,-0.043344,1,0.083571,0.076864,0,-0.0669
1.0647,-1.4391e-21,0.0035291,-0.0435,1,0.083873,0.076896,0,-0.0666
1.0649,-7.6459e-22,0.0036085,-0.043657,1,0.084175,0.076928,0,-0.0663
1.0652,1.1421e-21,0.003689,-0.043814,1,0.084477,0.07696,0,-0.066
1.0654,1.1751e-21,0.0037707,-0.043972,1,0.084778,0.076992,0,-0.0657
1.0656,5.3697e-22,0.0038532,-0.044131,1,0.08508,0.077024,0,-0.0654
1.0658,-2.0025e-22,0.0039372,-0.044291,1,0.085382,0.077056,0,-0.0651
1.0661,-2.8117e-22,0.004022,-0.044452,1,0.085683,0.077088,0,-0.0648
1.0663,3.9059e-22,0.0041079,-0.044613,1,0.085985,0.07712,0,-0.0645
1.0665,6.4752e-22,0.0041952,-0.044776,1,0.086287,0.077152,0,-0.0642
1.0667,6.9541e-22,0.0042833,-0.044939,1,0.086588,0.077184,0,-0.0639
1.067,-6.8817e-24,0.0043727,-0.045103,1,0.08689,0.077216,0,-0.0636
1.0672,-4.5074e-22,0.0044634,-0.045268,1,0.087192,0.077248,0,-0.0633
1.0674,-6.8202e-22,0.0045548,-0.045434,1,0.087494,0.07728,0,-0.063
1.0677,-2.6453e-22,0.0046479,-0.0456,1,0.087795,0.077312,0,-0.0627
1.0679,-4.6753e-22,0.0047418,-0.045768,1,0.088097,0.077344,0,-0.0624
1.0681,-1.5502e-21,0.0048369,-0.045936,1,0.088399,0.077376,0,-0.0621
1.0683,-1.198e-21,0.0049334,-0.046105,1,0.0887,0.077408,0,-0.0618
1.0686,-4.8267e-22,0.0050308,-0.046274,1,0.089002,0.07744,0,-0.0615
1.0688,4.7645e-22,0.0051298,-0.046445,1,0.089304,0.077472,0,-0.0612
1.069,7.0377e-22,0.0052299,-0.046616,1,0.089605,0.077504,0,-0.0609
1.0693,2.1136e-22,0.005331,-0.046788,1,0.089907,0.077536,0,-0.0606
1.0695,5.0827e-22,0.0054339,-0.046962,1,0.090209,0.077568,0,-0.0603
1.0697,7.874e-22,0.0055376,-0.047135,1,0.090511,0.0776,0,-0.06
1.07,9.1016e-22,0.0056429,-0.04731,1,0.090812,0.077632,0,-0.0597
1.0702,4.4188e-22,0.0057495,-0.047486,1,0.091114,0.077664,0,-0.0594
1.0704,-3.5468e-22,0.005857,-0.047662,1,0.091416,0.077696,0,-0.0591
1.0707,-2.2237e-22,0.0059665,-0.047839,1,0.091717,0.077728,0,-0.0588
1.0709,4.1025e-23,0.0060769,-0.048017,1,0.092019,0.07776,0,-0.0585
1.0711,5.6421e-22,0.0061885,-0.048196,1,0.092321,0.077792,0,-0.0582
1.0714,1.6727e-22,0.0063018,-0.048376,1,0.092622,0.077824,0,-0.0579
1.0716,-3.128e-22,0.006416,-0.048556,1,0.092924,0.077856,0,-0.0576
1.0718,1.6007e-23,0.006532,-0.048737,1,0.093226,0.077888,0,-0.0573
1.0721,6.7763e-23,0.0066493,-0.048919,1,0.093528,0.07792,0,-0.057
1.0723,-1.6105e-22,0.0067677,-0.049102,1,0.093829,0.077952,0,-0.0567
1.0725,-1.1404e-21,0.0068882,-0.049285,1,0.094131,0.077984,0,-0.0564
1.0728,-1.6673e-21,0.0070096,-0.04947,1,0.094433,0.078016,0,-0.0561
1.073,-4.8348e-22,0.0071326,-0.049655,1,0.094734,0.078048,0,-0.0558
1.0733,1.7713e-22,0.0072573,-0.049841,1,0.095036,0.07808,0,-0.0555
1.0735,6.4576e-22,0.0073829,-0.050027,1,0.095338,0.078112,0,-0.0552
1.0737,-1.5044e-22,0.0075108,-0.050215,1,0.095639,0.078144,0,-0.0549
1.074,-4.5274e-22,0.0076397,-0.050403,1,0.095941,0.078176,0,-0.0546
1.0742,1.4099e-23,0.0077701,-0.050592,1,0.096243,0.078208,0,-0.0543
1.0744,-1.1685e-22,0.0079022,-0.050782,1,0.096545,0.07824,0,-0.054
1.0747,-4.1107e-22,0.0080354,-0.050973,1,0.096846,0.078272,0,-0.0537
1.0749,-9.2974e-22,0.0081706,-0.051164,1,0.097148,0.078304,0,-0.0534
1.0752,-5.9953e-22,0.0083072,-0.051356,1,0.09745,0.078336,0,-0.0531
1.0754,3.7869e-22,0.0084451,-0.051549,1,0.097751,0.078368,0,-0.0528
1.0756,4.5317e-22,0.0085853,-0.051743,1,0.098053,0.0784,0,-0.0525
1.0759,4.5842e-22,0.0087265,-0.051937,1,0.098355,0.078432,0,-0.0522
1.0761,5.6087e-22,0.0088696,-0.052132,1,0.098657,0.078464,0,-0.0519
1.0764,6.1924e-22,0.0090145,-0.052328,1,0.098958,0.078496,0,-0.0516
1.0766,5.999e-22,0.0091605,-0.052524,1,0.09926,0.078528,0,-0.0513
1.0768,-1.0831e-22,0.0093089,-0.052722,1,0.099562,0.07856,0,-0.051
1.0771,-2.5798e-22,0.0094586,-0.05292,1,0.099863,0.078592,0,-0.0507
1.0773,5.3605e-22,0.0096099,-0.053119,1,0.10017,0.078624,0,-0.0504
1.0776,1.3664e-21,0.0097633,-0.053318,1,0.10047,0.078656,0,-0.0501
1.0778,1.5895e-21,0.0099177,-0.053518,1,0.10077,0.078688,0,-0.0498
1.078,-3.9085e-22,0.010074,-0.053719,1,0.10107,0.07872,0,-0.0495
1.0783,-1.9304e-21,0.010233,-0.053921,1,0.10137,0.078752,0,-0.0492
1.0785,-2.8804e-21,0.010392,-0.054123,1,0.10167,0.078784,0,-0.0489
1.0788,-7.7802e-22,0.010554,-0.054326,1,0.10198,0.078816,0,-0.0486
1.079,1.0258e-21,0.010718,-0.05453,1,0.10228,0.078848,0,-0.0483
1.0792,1.4666e-21,0.010883,-0.054734,1,0.10258,0.07888,0,-0.048
1.0795,6.0025e-22,0.011051,-0.054939,1,0.10288,0.078912,0,-0.0477
1.0797,-6.8342e-22,0.011219,-0.055144,1,0.10318,0.078944,0,-0.0474
1.08,-3.2546e-22,0.011391,-0.055351,1,0.10348,0.078976,0,-0.0471
1.0802,6.0808e-23,0.011563,-0.055558,1,0.10379,0.079008,0,-0.0468
1.0805,2.5902e-22,0.011738,-0.055765,1,0.10409,0.07904,0,-0.0465
1.0807,-6.2223e-22,0.011915,-0.055974,1,0.10439,0.079072,0,-0.0462
1.0809,-1.2493e-21,0.012093,-0.056182,1,0.10469,0.079104,0,-0.0459
1.0812,1.5063e-23,0.012274,-0.056392,1,0.10499,0.079136,0,-0.0456
1.0814,1.0949e-21,0.012456,-0.056602,1,0.10529,0.079168,0,-0.0453
1.0817,1.9169e-21,0.01264,-0.056812,1,0.1056,0.0792,0,-0.045
1.0819,6.7861e-22,0.012826,-0.057024,1,0.1059,0.079232,0,-0.0447
1.0822,-3.8015e-22,0.013014,-0.057235,1,0.1062,0.079264,0,-0.0444
1.0824,-7.1486e-22,0.013204,-0.057448,1,0.1065,0.079296,0,-0.0441
1.0826,-5.8534e-22,0.013397,-0.057661,1,0.1068,0.079328,0,-0.0438
1.0829,-2.5339e-22,0.013591,-0.057874,1,0.1071,0.07936,0,-0.0435
1.0831,5.8866e-22,0.013787,-0.058088,1,0.10741,0.079392,0,-0.0432
1.0834,9.4835e-22,0.013986,-0.058303,1,0.10771,0.079424,0,-0.0429
1.0836,8.0509e-22,0.014186,-0.058518,1,0.10801,0.079456,0,-0.0426
1.0839,-8.5464e-22,0.014389,-0.058734,1,0.10831,0.079488,0,-0.0423
1.0841,-2.29e-21,0.014593,-0.05895,1,0.10861,0.07952,0,-0.042
1.0843,-1.8694e-21,0.0148,-0.059166,1,0.10891,0.079552,0,-0.0417
1.0846,-7.4645e-22,0.015009,-0.059383,1,0.10922,0.079584,0,-0.0414
1.0848,7.9081e-22,0.015219,-0.059601,1,0.10952,0.079616,0,-0.0411
1.0851,1.2419e-21,0.015432,-0.059819,1,0.10982,0.079648,0,-0.0408
1.0853,1.0145e-21,0.015647,-0.060037,1,0.11012,0.07968,0,-0.0405
1.0856,-5.2455e-22,0.015865,-0.060256,1,0.11042,0.079712,0,-0.0402
1.0858,-7.1173e-22,0.016085,-0.060476,1,0.11072,0.079744,0,-0.0399
1.086,-3.4044e-22,0.016306,-0.060695,1,0.11103,0.079776,0,-0.0396
1.0863,2.6063e-22,0.01653,-0.060915,1,0.11133,0.079808,0,-0.0393
1.0865,2.7958e-22,0.016757,-0.061136,1,0.11163,0.07984,0,-0.039
1.0868,-6.9893e-22,0.016985,-0.061357,1,0.11193,0.079872,0,-0.0387
1.087,-5.3167e-22,0.017216,-0.061578,1,0.11223,0.079904,0,-0.0384
1.0873,2.6687e-22,0.017449,-0.0618,1,0.11253,0.079936,0,-0.0381
1.0875,2.1888e-21,0.017685,-0.062022,1,0.11284,0.079968,0,-0.0378
1.0877,2.2449e-21,0.017923,-0.062244,1,0.11314,0.08,0,-0.0375
1.088,8.03e-22,0.018162,-0.062467,1,0.11344,0.080032,0,-0.0372
1.0882,-5.063e-23,0.018405,-0.06269,1,0.11374,0.080064,0,-0.0369
1.0885,-2.3943e-22,0.018649,-0.062913,1,0.11404,0.080096,0,-0.0366
1.0887,4.6018e-22,0.018896,-0.063137,1,0.11434,0.080128,0,-0.0363
1.0889,4.947e-22,0.019146,-0.063361,1,0.11465,0.08016,0,-0.036
1.0892,8.3338e-22,0.019397,-0.063585,1,0.11495,0.080192,0,-0.0357
1.0894,-1.5152e-22,0.019652,-0.063809,1,0.11525,0.080224,0,-0.0354
1.0896,-7.8446e-22,0.019908,-0.064034,1,0.11555,0.080256,0,-0.0351
1.0899,-1.4401e-21,0.020167,-0.064258,1,0.11585,0.080288,0,-0.0348
1.0901,-1.2072e-21,0.020429,-0.064483,1,0.11616,0.08032,0,-0.0345
1.0904,-4.7266e-22,0.020693,-0.064709,1,0.11646,0.080352,0,-0.0342
1.0906,-5.8612e-22,0.02096,-0.064934,1,0.11676,0.080384,0,-0.0339
1.0908,-1.491e-21,0.021229,-0.065159,1,0.11706,0.080416,0,-0.0336
1.0911,-3.2168e-21,0.0215,-0.065385,1,0.11736,0.080448,0,-0.0333
1.0913,-1.111e-21,0.021774,-0.065611,1,0.11766,0.08048,0,-0.033
1.0915,3.3017e-22,0.02205,-0.065836,1,0.11797,0.080512,0,-0.0327
1.0918,5.4227e-22,0.022329,-0.066062,1,0.11827,0.080544,0,-0.0324
1.092,5.9351e-22,0.022611,-0.066288,1,0.11857,0.080576,0,-0.0321
1.0922,8.119e-22,0.022894,-0.066514,1,0.11887,0.080608,0,-0.0318
1.0925,1.6887e-21,0.023182,-0.06674,1,0.11917,0.08064,0,-0.0315
1.0927,2.449e-21,0.023471,-0.066966,1,0.11947,0.080672,0,-0.0312
1.0929,3.1142e-21,0.023762,-0.067192,1,0.11978,0.080704,0,-0.0309
1.0932,2.038e-21,0.024057,-0.067418,1,0.12008,0.080736,0,-0.0306
1.0934,2.3033e-22,0.024354,-0.067644,1,0.12038,0.080768,0,-0.0303
1.0936,-2.4731e-21,0.024654,-0.06787,1,0.12068,0.0808,0,-0.03
1.0938,-3.7186e-21,0.024957,-0.068096,1,0.12098,0.080832,0,-0.0297
1.0941,-3.5322e-21,0.025262,-0.068321,1,0.12128,0.080864,0,-0.0294
1.0943,4.4914e-22,0.02557,-0.068547,1,0.12159,0.080896,0,-0.0291
1.0945,2.887e-21,0.02588,-0.068772,1,0.12189,0.080928,0,-0.0288
1.0947,2.9924e-23,0.026193,-0.068998,1,0.12219,0.08096,0,-0.0285
1.095,-1.5273e-21,0.026509,-0.069223,1,0.12249,0.080992,0,-0.0282
1.0952,-1.9472e-21,0.026827,-0.069448,1,0.12279,0.081024,0,-0.0279
1.0954,6.5334e-22,0.027149,-0.069672,1,0.12309,0.081056,0,-0.0276
1.0956,1.3989e-21,0.027472,-0.069897,1,0.1234,0.081088,0,-0.0273
1.0958,-1.2541e-21,0.027799,-0.070121,1,0.1237,0.08112,0,-0.027
1.0961,-2.6206e-21,0.028129,-0.070345,1,0.124,0.081152,0,-0.0267
1.0963,-2.7338e-21,0.02846,-0.070569,1,0.1243,0.081184,0,-0.0264
1.0965,6.6821e-22,0.028796,-0.070792,1,0.1246,0.081216,0,-0.0261
1.0967,2.6586e-21,0.029134,-0.071015,1,0.1249,0.081248,0,-0.0258
1.0969,2.1069e-21,0.029474,-0.071238,1,0.12521,0.08128,0,-0.0255
1.0971,-2.9047e-23,0.029818,-0.07146,1,0.12551,0.081312,0,-0.0252
1.0973,-1.4988e-21,0.030164,-0.071682,1,0.12581,0.081344,0,-0.0249
1.0975,-2.673e-22,0.030513,-0.071903,1,0.12611,0.081376,0,-0.0246
1.0977,1.3295e-21,0.030865,-0.072124,1,0.12641,0.081408,0,-0.0243
1.0979,3.5713e-21,0.031219,-0.072345,1,0.12671,0.08144,0,-0.024
1.0981,9.1722e-22,0.031577,-0.072565,1,0.12702,0.081472,0,-0.0237
1.0983,-1.2716e-21,0.031937,-0.072785,1,0.12732,0.081504,0,-0.0234
1.0985,-1.9959e-21,0.0323,-0.073004,1,0.12762,0.081536,0,-0.0231
1.0987,-2.2312e-21,0.032666,-0.073222,1,0.12792,0.081568,0,-0.0228
1.0989,-1.4908e-21,0.033035,-0.07344,1,0.12822,0.0816,0,-0.0225
1.0991,-1.7615e-23,0.033407,-0.073657,1,0.12852,0.081632,0,-0.0222
1.0993,1.9579e-21,0.033782,-0.073874,1,0.12883,0.081664,0,-0.0219
1.0995,4.3037e-21,0.034159,-0.07409,1,0.12913,0.081696,0,-0.0216
1.0997,3.3052e-21,0.03454,-0.074305,1,0.12943,0.081728,0,-0.0213
1.0998,1.0739e-21,0.034923,-0.07452,1,0.12973,0.08176,0,-0.021
1.1,-4.1647e-21,0.035309,-0.074733,1,0.13003,0.081792,0,-0.0207
1.1002,-6.0744e-21,0.035698,-0.074946,1,0.13034,0.081824,0,-0.0204
1.1004,-5.6342e-21,0.036089,-0.075158,1,0.13064,0.081856,0,-0.0201
1.1005,-1.2182e-21,0.036485,-0.07537,1,0.13094,0.081888,0,-0.0198
1.1007,1.8974e-21,0.036882,-0.07558,1,0.13124,0.08192,0,-0.0195
1.1008,1.9169e-21,0.037282,-0.07579,1,0.13154,0.081952,0,-0.0192
1.101,1.6175e-21,0.037686,-0.075999,1,0.13184,0.081984,0,-0.0189
1.1011,1.5814e-21,0.038092,-0.076207,1,0.13215,0.082016,0,-0.0186
1.1012,3.7748e-22,0.038502,-0.076414,1,0.13245,0.082048,0,-0.0183
1.1014,-2.2909e-22,0.038913,-0.076619,1,0.13275,0.08208,0,-0.018
1.1015,5.5897e-22,0.039328,-0.076824,1,0.13305,0.082112,0,-0.0177
1.1016,6.4681e-23,0.039746,-0.077028,1,0.13335,0.082144,0,-0.0174
1.1017,-5.8319e-22,0.040167,-0.077231,1,0.13365,0.082176,0,-0.0171
1.1018,-1.6475e-21,0.040591,-0.077433,1,0.13396,0.082208,0,-0.0168
1.1018,-1.5682e-21,0.041017,-0.077633,1,0.13426,0.08224,0,-0.0165
1.1018,4.7767e-22,0.041445,-0.077833,1,0.13456,0.082272,0,-0.0162
1.1018,2.9371e-21,0.041877,-0.078031,1,0.13486,0.082304,0,-0.0159
1.1017,4.5375e-21,0.04231,-0.078228,1,0.13516,0.082336,0,-0.0156
1.1015,2.9819e-21,0.042747,-0.078424,1,0.13546,0.082368,0,-0.0153
1.1012,9.939e-22,0.043185,-0.078618,1,0.13577,0.0824,0,-0.015
1.1007,-1.3443e-21,0.043624,-0.078811,1,0.13607,0.082432,0,-0.0147
1.0999,-2.2506e-22,0.044064,-0.079002,1,0.13637,0.082464,0,-0.0144
1.0988,2.5576e-22,0.044503,-0.079192,1,0.13667,0.082496,0,-0.0141
1.0973,1.4701e-22,0.044939,-0.07938,1,0.13697,0.082528,0,-0.0138
1.095,-2.8144e-21,0.045367,-0.079565,1,0.13727,0.08256,0,-0.0135
1.0922,-6.3288e-21,0.045788,-0.079749,1,0.13758,0.082592,0,-0.0132
1.0879,-2.7968e-21,0.046186,-0.079929,1,0.13788,0.082624,0,-0.0129
1.0825,2.0127e-21,0.046561,-0.080106,1,0.13818,0.082656,0,-0.0126
1.0757,8.0317e-21,0.046908,-0.080279,1,0.13848,0.082688,0,-0.0123
1.0659,4.3637e-21,0.047184,-0.080447,1,0.13878,0.08272,0,-0.012
1.0546,1.9478e-22,0.047419,-0.080611,1,0.13908,0.082752,0,-0.0117
1.0395,-7.2059e-23,0.047543,-0.080767,1,0.13939,0.082784,0,-0.0114
1.0211,-1.7324e-21,0.047555,-0.080915,1,0.13969,0.082816,0,-0.0111
1,-4.7386e-21,0.047478,-0.081057,1,0.13999,0.082848,0,-0.0108
0.97239,-3.3701e-21,0.047147,-0.081184,1,0.14029,0.08288,0,-0.0105
0.94196,-1.1689e-21,0.04669,-0.081302,1,0.14059,0.082912,0,-0.0102
0.90607,2.7311e-21,0.045984,-0.081407,1,0.14089,0.082944,0,-0.0099
0.86498,2.7737e-21,0.045001,-0.081496,1,0.1412,0.082976,0,-0.0096
0.82103,1.5475e-21,0.043861,-0.081575,1,0.1415,0.083008,0,-0.0093
0.77016,2.2745e-21,0.042275,-0.081631,1,0.1418,0.08304,0,-0.009
0.71703,1.5756e-21,0.040503,-0.081676,1,0.1421,0.083072,0,-0.0087
0.66047,-1.2065e-21,0.038448,-0.081705,1,0.1424,0.083104,0,-0.0084
0.6012,-2.5878e-21,0.036068,-0.081716,1,0.1427,0.083136,0,-0.0081
0.54095,-2.6666e-21,0.033539,-0.081718,1,0.14301,0.083168,0,-0.0078
0.47972,-1.5463e-21,0.030707,-0.081701,1,0.14331,0.0832,0,-0.0075
0.41918,-1.15e-21,0.027754,-0.081675,1,0.14361,0.083232,0,-0.0072
0.35937,-9.6872e-22,0.02468,-0.081641,1,0.14391,0.083264,0,-0.0069
0.30266,-6.7422e-22,0.021505,-0.081594,1,0.14421,0.083296,0,-0.0066
0.24772,2.5399e-22,0.018316,-0.081543,1,0.14452,0.083328,0,-0.0063
0.19702,1.9295e-21,0.015134,-0.081483,1,0.14482,0.08336,0,-0.006
0.15036,1.8362e-21,0.012018,-0.081421,1,0.14512,0.083392,0,-0.0057
0.10653,4.842e-22,0.008949,-0.081356,1,0.14542,0.083424,0,-0.0054
0.070043,1.5633e-21,0.0060999,-0.081282,1,0.14572,0.083456,0,-0.0051
0.036579,1.7698e-21,0.0033529,-0.081209,1,0.14602,0.083488,0,-0.0048
0.0086923,3.8719e-22,0.00079705,-0.08114,1,0.14633,0.08352,0,-0.0045
nan,nan,nan,nan,0,0.14663,0.083552,0,-0.0042
nan,nan,nan,nan,0,0.14693,0.083584,0,-0.0039
nan,nan,nan,nan,0,0.14723,0.083616,0,-0.0036
nan,nan,nan,nan,0,0.14753,0.083648,0,-0.0033
nan,nan,nan,nan,0,0.14783,0.08368,0,-0.003
nan,nan,nan,nan,0,0.14814,0.083712,0,-0.0027
nan,nan,nan,nan,0,0.14844,0.083744,0,-0.0024
nan,nan,nan,nan,0,0.14874,0.083776,0,-0.0021
nan,nan,nan,nan,0,0.14904,0.083808,0,-0.0018
nan,nan,nan,nan,0,0.14934,0.08384,0,-0.0015
nan,nan,nan,nan,0,0.14964,0.083872,0,-0.0012
nan,nan,nan,nan,0,0.14995,0.083904,0,-0.0009
nan,nan,nan,nan,0,0.15025,0.083936,0,-0.0006
nan,nan,nan,nan,0,0.15055,0.083968,0,-0.0003
nan,nan,nan,nan,0,0.15085,0.084,0,0
nan,nan,nan,nan,0,0.15115,0.084032,0,0.0003
nan,nan,nan,nan,0,0.15145,0.084064,0,0.0006
nan,nan,nan,nan,0,0.15176,0.084096,0,0.0009
nan,nan,nan,nan,0,0.15206,0.084128,0,0.0012
nan,nan,nan,nan,0,0.15236,0.08416,0,0.0015
nan,nan,nan,nan,0,0.15266,0.084192,0,0.0018
nan,nan,nan,nan,0,0.15296,0.084224,0,0.0021
nan,nan,nan,nan,0,0.15326,0.084256,0,0.0024
nan,nan,nan,nan,0,0.15357,0.084288,0,0.0027
nan,nan,nan,nan,0,0.15387,0.08432,0,0.003
nan,nan,nan,nan,0,0.15417,0.084352,0,0.0033
nan,nan,nan,nan,0,0.15447,0.084384,0,0.0036
nan,nan,nan,nan,0,0.15477,0.084416,0,0.0039
nan,nan,nan,nan,0,0.15507,0.084448,0,0.0042
0.016991,8.3195e-22,-0.0015757,-0.0795,1,0.15538,0.08448,0,0.0045
0.044568,1.7933e-21,-0.004127,-0.079461,1,0.15568,0.084512,0,0.0048
0.08018,3.6108e-21,-0.006964,-0.079428,1,0.15598,0.084544,0,0.0051
0.11893,3.2013e-21,-0.0099007,-0.07939,1,0.15628,0.084576,0,0.0054
0.16213,-5.9278e-22,-0.01298,-0.079347,1,0.15658,0.084608,0,0.0057
0.21087,-1.944e-22,-0.016163,-0.0793,1,0.15688,0.08464,0,0.006
0.262,7.3339e-23,-0.019376,-0.07925,1,0.15719,0.084672,0,0.0063
0.31748,-1.4137e-21,-0.022613,-0.079193,1,0.15749,0.084704,0,0.0066
0.37523,-1.2066e-21,-0.025795,-0.079128,1,0.15779,0.084736,0,0.0069
0.43444,1.3793e-22,-0.02894,-0.079059,1,0.15809,0.084768,0,0.0072
0.49528,1.7878e-21,-0.031874,-0.078974,1,0.15839,0.0848,0,0.0075
0.5558,2.0241e-21,-0.034679,-0.078882,1,0.1587,0.084832,0,0.0078
0.61587,6.1773e-22,-0.037295,-0.078779,1,0.159,0.084864,0,0.0081
0.67345,-7.1949e-22,-0.039587,-0.078659,1,0.1593,0.084896,0,0.0084
0.72937,-1.4195e-21,-0.041713,-0.07853,1,0.1596,0.084928,0,0.0087
0.78115,1.9607e-22,-0.043478,-0.078384,1,0.1599,0.08496,0,0.009
0.82892,2.039e-21,-0.044973,-0.078225,1,0.1602,0.084992,0,0.0093
0.874,3.1936e-21,-0.046286,-0.078058,1,0.16051,0.085024,0,0.0096
0.91159,-8.777e-22,-0.047176,-0.07787,1,0.16081,0.085056,0,0.0099
0.94616,-2.9084e-21,-0.047922,-0.077676,1,0.16111,0.085088,0,0.0102
0.97612,-8.1401e-22,-0.048446,-0.077471,1,0.16141,0.08512,0,0.0105
1.0005,2.1554e-21,-0.048735,-0.077254,1,0.16171,0.085152,0,0.0108
1.0222,4.0054e-21,-0.048922,-0.077033,1,0.16201,0.085184,0,0.0111
1.039,-4.8459e-22,-0.048926,-0.076803,1,0.16232,0.085216,0,0.0114
1.0528,-2.5832e-21,-0.048839,-0.076568,1,0.16262,0.085248,0,0.0117
1.0646,-2.657e-21,-0.048686,-0.07633,1,0.16292,0.08528,0,0.012
1.0726,-2.8953e-23,-0.04843,-0.076085,1,0.16322,0.085312,0,0.0123
1.0795,4.4118e-22,-0.048147,-0.07584,1,0.16352,0.085344,0,0.0126
1.0847,-3.8011e-21,-0.047824,-0.075593,1,0.16382,0.085376,0,0.0129
1.0883,-2.7469e-21,-0.047472,-0.075343,1,0.16413,0.085408,0,0.0132
1.0913,-9.2981e-22,-0.047108,-0.075093,1,0.16443,0.08544,0,0.0135
1.0932,4.9106e-22,-0.046728,-0.074841,1,0.16473,0.085472,0,0.0138
1.0947,-1.7727e-22,-0.046344,-0.07459,1,0.16503,0.085504,0,0.0141
1.0957,-2.4475e-21,-0.045955,-0.074337,1,0.16533,0.085536,0,0.0144
1.0963,1.2207e-21,-0.045565,-0.074085,1,0.16563,0.085568,0,0.0147
1.0968,3.4684e-21,-0.045176,-0.073832,1,0.16594,0.0856,0,0.015
1.097,3.4211e-21,-0.044787,-0.073579,1,0.16624,0.085632,0,0.0153
1.0972,1.561e-21,-0.044401,-0.073326,1,0.16654,0.085664,0,0.0156
1.0972,-1.0784e-21,-0.044016,-0.073073,1,0.16684,0.085696,0,0.0159
1.0972,-2.5484e-21,-0.043634,-0.07282,1,0.16714,0.085728,0,0.0162
1.0971,-1.0486e-21,-0.043255,-0.072567,1,0.16744,0.08576,0,0.0165
1.097,3.4163e-21,-0.042877,-0.072315,1,0.16775,0.085792,0,0.0168
1.0969,4.0889e-22,-0.042504,-0.072062,1,0.16805,0.085824,0,0.0171
1.0968,-1.2047e-21,-0.042132,-0.07181,1,0.16835,0.085856,0,0.0174
1.0966,5.2913e-23,-0.041763,-0.071558,1,0.16865,0.085888,0,0.0177
1.0965,1.4966e-21,-0.041398,-0.071306,1,0.16895,0.08592,0,0.018
1.0963,2.5584e-21,-0.041034,-0.071054,1,0.16925,0.085952,0,0.0183
1.0961,1.3783e-21,-0.040674,-0.070803,1,0.16956,0.085984,0,0.0186
1.0959,4.7408e-22,-0.040317,-0.070551,1,0.16986,0.086016,0,0.0189
1.0957,-1.7534e-22,-0.039962,-0.070301,1,0.17016,0.086048,0,0.0192
1.0955,-1.8961e-21,-0.039611,-0.07005,1,0.17046,0.08608,0,0.0195
1.0953,-3.5809e-21,-0.039262,-0.0698,1,0.17076,0.086112,0,0.0198
1.0951,-4.333e-21,-0.038916,-0.06955,1,0.17106,0.086144,0,0.0201
1.0949,-2.0469e-21,-0.038573,-0.0693,1,0.17137,0.086176,0,0.0204
1.0947,1.7621e-21,-0.038232,-0.069051,1,0.17167,0.086208,0,0.0207
1.0945,2.8401e-21,-0.037895,-0.068802,1,0.17197,0.08624,0,0.021
1.0943,1.4693e-21,-0.037559,-0.068553,1,0.17227,0.086272,0,0.0213
1.0941,-1.253e-21,-0.037226,-0.068305,1,0.17257,0.086304,0,0.0216
1.0939,-2.848e-21,-0.036897,-0.068058,1,0.17288,0.086336,0,0.0219
1.0937,-3.1051e-21,-0.03657,-0.06781,1,0.17318,0.086368,0,0.0222
1.0935,-9.0969e-22,-0.036245,-0.067564,1,0.17348,0.0864,0,0.0225
1.0932,4.3603e-22,-0.035924,-0.067317,1,0.17378,0.086432,0,0.0228
1.093,1.418e-21,-0.035604,-0.067071,1,0.17408,0.086464,0,0.0231
1.0928,2.9919e-21,-0.035289,-0.066826,1,0.17438,0.086496,0,0.0234
1.0926,3.5601e-21,-0.034975,-0.066581,1,0.17469,0.086528,0,0.0237
1.0923,2.032e-21,-0.034664,-0.066337,1,0.17499,0.08656,0,0.024
1.0921,-6.7563e-22,-0.034356,-0.066093,1,0.17529,0.086592,0,0.0243
1.0919,-2.3977e-21,-0.03405,-0.06585,1,0.17559,0.086624,0,0.0246
1.0917,-6.1843e-23,-0.033747,-0.065607,1,0.17589,0.086656,0,0.0249
1.0914,2.5866e-22,-0.033446,-0.065365,1,0.17619,0.086688,0,0.0252
1.0912,-8.191e-22,-0.033147,-0.065123,1,0.1765,0.08672,0,0.0255
1.091,-9.0325e-22,-0.032852,-0.064882,1,0.1768,0.086752,0,0.0258
1.0907,2.3509e-22,-0.032559,-0.064641,1,0.1771,0.086784,0,0.0261
1.0905,3.1915e-21,-0.032268,-0.064401,1,0.1774,0.086816,0,0.0264
1.0903,3.1016e-21,-0.03198,-0.064162,1,0.1777,0.086848,0,0.0267
1.0901,1.745e-21,-0.031694,-0.063924,1,0.178,0.08688,0,0.027
1.0898,-4.2033e-21,-0.031411,-0.063685,1,0.17831,0.086912,0,0.0273
1.0896,-4.4983e-21,-0.03113,-0.063448,1,0.17861,0.086944,0,0.0276
1.0894,-1.9202e-21,-0.030851,-0.063211,1,0.17891,0.086976,0,0.0279
1.0891,2.7376e-22,-0.030576,-0.062975,1,0.17921,0.087008,0,0.0282
1.0889,1.5901e-21,-0.030303,-0.06274,1,0.17951,0.08704,0,0.0285
1.0887,1.9464e-21,-0.030031,-0.062505,1,0.17981,0.087072,0,0.0288
1.0884,3.8059e-21,-0.029763,-0.062271,1,0.18012,0.087104,0,0.0291
1.0882,4.6532e-21,-0.029496,-0.062037,1,0.18042,0.087136,0,0.0294
1.088,2.3069e-22,-0.029232,-0.061804,1,0.18072,0.087168,0,0.0297
1.0877,-1.3202e-21,-0.02897,-0.061572,1,0.18102,0.0872,0,0.03
1.0875,-1.6483e-21,-0.02871,-0.061341,1,0.18132,0.087232,0,0.0303
1.0873,-1.131e-21,-0.028453,-0.06111,1,0.18162,0.087264,0,0.0306
1.087,-1.9555e-22,-0.028198,-0.06088,1,0.18193,0.087296,0,0.0309
1.0868,1.6593e-21,-0.027945,-0.060651,1,0.18223,0.087328,0,0.0312
1.0865,9.6372e-22,-0.027694,-0.060423,1,0.18253,0.08736,0,0.0315
1.0863,-7.0586e-22,-0.027446,-0.060195,1,0.18283,0.087392,0,0.0318
1.0861,-1.6434e-21,-0.0272,-0.059968,1,0.18313,0.087424,0,0.0321
1.0858,-5.1797e-22,-0.026956,-0.059742,1,0.18343,0.087456,0,0.0324
1.0856,1.9423e-21,-0.026714,-0.059516,1,0.18374,0.087488,0,0.0327
1.0854,1.0301e-21,-0.026475,-0.059292,1,0.18404,0.08752,0,0.033
1.0851,1.444e-22,-0.026237,-0.059068,1,0.18434,0.087552,0,0.0333
1.0849,-2.7696e-22,-0.026001,-0.058844,1,0.18464,0.087584,0,0.0336
1.0847,-7.5509e-22,-0.025768,-0.058622,1,0.18494,0.087616,0,0.0339
1.0844,-1.0666e-21,-0.025536,-0.0584,1,0.18524,0.087648,0,0.0342
1.0842,-4.4316e-22,-0.025307,-0.058179,1,0.18555,0.08768,0,0.0345
1.084,1.3853e-22,-0.02508,-0.057959,1,0.18585,0.087712,0,0.0348
1.0837,8.9947e-23,-0.024854,-0.05774,1,0.18615,0.087744,0,0.0351
1.0835,3.6871e-22,-0.024632,-0.057522,1,0.18645,0.087776,0,0.0354
1.0833,1.679e-23,-0.02441,-0.057304,1,0.18675,0.087808,0,0.0357
1.083,-1.1829e-21,-0.024191,-0.057087,1,0.18706,0.08784,0,0.036
1.0828,-2.0443e-21,-0.023974,-0.056871,1,0.18736,0.087872,0,0.0363
1.0826,-2.5241e-21,-0.023759,-0.056656,1,0.18766,0.087904,0,0.0366
1.0823,-6.5117e-22,-0.023546,-0.056442,1,0.18796,0.087936,0,0.0369
1.0821,-3.482e-22,-0.023335,-0.056228,1,0.18826,0.087968,0,0.0372
1.0819,-1.7702e-21,-0.023125,-0.056016,1,0.18856,0.088,0,0.0375
1.0816,-6.1734e-22,-0.022918,-0.055804,1,0.18887,0.088032,0,0.0378
1.0814,1.5254e-21,-0.022712,-0.055593,1,0.18917,0.088064,0,0.0381
1.0812,3.9249e-21,-0.022508,-0.055383,1,0.18947,0.088096,0,0.0384
1.0809,3.5963e-21,-0.022306,-0.055173,1,0.18977,0.088128,0,0.0387
1.0807,1.793e-21,-0.022105,-0.054965,1,0.19007,0.08816,0,0.039
1.0805,9.389e-22,-0.021908,-0.054757,1,0.19037,0.088192,0,0.0393
1.0803,-2.1561e-22,-0.021711,-0.05455,1,0.19068,0.088224,0,0.0396
1.08,-1.8972e-21,-0.021516,-0.054344,1,0.19098,0.088256,0,0.0399
1.0798,-1.575e-21,-0.021324,-0.054139,1,0.19128,0.088288,0,0.0402
1.0796,-7.2572e-22,-0.021132,-0.053935,1,0.19158,0.08832,0,0.0405
1.0793,6.7668e-22,-0.020943,-0.053732,1,0.19188,0.088352,0,0.0408
1.0791,4.6532e-22,-0.020756,-0.05353,1,0.19218,0.088384,0,0.0411
1.0789,-6.9219e-22,-0.020569,-0.053328,1,0.19249,0.088416,0,0.0414
1.0786,-1.5315e-21,-0.020386,-0.053127,1,0.19279,0.088448,0,0.0417
1.0784,-1.5164e-21,-0.020203,-0.052927,1,0.19309,0.08848,0,0.042
1.0782,-6.8159e-22,-0.020022,-0.052728,1,0.19339,0.088512,0,0.0423
1.078,1.4273e-21,-0.019843,-0.05253,1,0.19369,0.088544,0,0.0426
1.0777,2.8758e-21,-0.019665,-0.052333,1,0.19399,0.088576,0,0.0429
1.0775,8.6702e-22,-0.019489,-0.052137,1,0.1943,0.088608,0,0.0432
1.0773,-1.087e-21,-0.019315,-0.051941,1,0.1946,0.08864,0,0.0435
1.0771,-2.7968e-21,-0.019142,-0.051747,1,0.1949,0.088672,0,0.0438
1.0768,-1.8225e-21,-0.018971,-0.051553,1,0.1952,0.088704,0,0.0441
1.0766,-5.6735e-22,-0.018801,-0.051361,1,0.1955,0.088736,0,0.0444
1.0764,9.0199e-22,-0.018634,-0.051169,1,0.1958,0.088768,0,0.0447
1.0762,1.091e-21,-0.018467,-0.050978,1,0.19611,0.0888,0,0.045
1.0759,7.4135e-22,-0.018302,-0.050788,1,0.19641,0.088832,0,0.0453
1.0757,7.3981e-22,-0.018139,-0.050598,1,0.19671,0.088864,0,0.0456
1.0755,2.3777e-22,-0.017978,-0.05041,1,0.19701,0.088896,0,0.0459
1.0753,-1.0664e-21,-0.017817,-0.050223,1,0.19731,0.088928,0,0.0462
1.075,-1.0699e-21,-0.017658,-0.050036,1,0.19761,0.08896,0,0.0465
1.0748,-7.8612e-22,-0.017501,-0.04985,1,0.19792,0.088992,0,0.0468
1.0746,2.9145e-22,-0.017345,-0.049666,1,0.19822,0.089024,0,0.0471
1.0744,7.4035e-22,-0.017191,-0.049482,1,0.19852,0.089056,0,0.0474
1.0741,8.7878e-22,-0.017037,-0.049299,1,0.19882,0.089088,0,0.0477
1.0739,-1.3255e-22,-0.016886,-0.049117,1,0.19912,0.08912,0,0.048
1.0737,-5.0414e-22,-0.016736,-0.048935,1,0.19942,0.089152,0,0.0483
1.0735,-1.1723e-23,-0.016587,-0.048755,1,0.19973,0.089184,0,0.0486
1.0733,4.8059e-22,-0.01644,-0.048576,1,0.20003,0.089216,0,0.0489
1.073,9.3102e-22,-0.016293,-0.048397,1,0.20033,0.089248,0,0.0492
1.0728,5.0447e-22,-0.016149,-0.04822,1,0.20063,0.08928,0,0.0495
1.0726,-6.1734e-22,-0.016006,-0.048043,1,0.20093,0.089312,0,0.0498
1.0724,-2.2445e-21,-0.015864,-0.047867,1,0.20124,0.089344,0,0.0501
1.0722,-1.5608e-21,-0.015723,-0.047692,1,0.20154,0.089376,0,0.0504
1.0719,-2.9518e-22,-0.015584,-0.047518,1,0.20184,0.089408,0,0.0507
1.0717,1.4947e-21,-0.015446,-0.047344,1,0.20214,0.08944,0,0.051
1.0715,8.298e-22,-0.015309,-0.047172,1,0.20244,0.089472,0,0.0513
1.0713,-2.6588e-22,-0.015173,-0.047,1,0.20274,0.089504,0,0.0516
1.0711,-4.1525e-22,-0.015039,-0.04683,1,0.20305,0.089536,0,0.0519
1.0709,-2.7521e-22,-0.014906,-0.04666,1,0.20335,0.089568,0,0.0522
1.0706,6.5999e-23,-0.014774,-0.046491,1,0.20365,0.0896,0,0.0525
1.0704,3.5185e-22,-0.014644,-0.046323,1,0.20395,0.089632,0,0.0528
1.0702,4.4598e-22,-0.014515,-0.046156,1,0.20425,0.089664,0,0.0531
1.07,-2.5539e-22,-0.014387,-0.04599,1,0.20455,0.089696,0,0.0534
1.0698,-9.5316e-22,-0.01426,-0.045825,1,0.20486,0.089728,0,0.0537
1.0696,-1.3661e-21,-0.014134,-0.04566,1,0.20516,0.08976,0,0.054
1.0694,1.1761e-21,-0.01401,-0.045497,1,0.20546,0.089792,0,0.0543
1.0691,2.1618e-21,-0.013887,-0.045334,1,0.20576,0.089824,0,0.0546
1.0689,1.5527e-21,-0.013764,-0.045172,1,0.20606,0.089856,0,0.0549
1.0687,1.29e-22,-0.013644,-0.045011,1,0.20636,0.089888,0,0.0552
1.0685,-9.0977e-22,-0.013524,-0.044851,1,0.20667,0.08992,0,0.0555
1.0683,-6.1751e-22,-0.013405,-0.044691,1,0.20697,0.089952,0,0.0558
1.0681,-6.2506e-22,-0.013287,-0.044533,1,0.20727,0.089984,0,0.0561
1.0679,-7.7494e-22,-0.01317,-0.044375,1,0.20757,0.090016,0,0.0564
1.0677,-1.2404e-22,-0.013055,-0.044219,1,0.20787,0.090048,0,0.0567
1.0674,4.8217e-22,-0.012941,-0.044063,1,0.20817,0.09008,0,0.057
1.0672,1.0652e-21,-0.012827,-0.043908,1,0.20848,0.090112,0,0.0573
1.067,7.6923e-23,-0.012715,-0.043754,1,0.20878,0.090144,0,0.0576
1.0668,-1.0073e-21,-0.012604,-0.0436,1,0.20908,0.090176,0,0.0579
1.0666,-2.9067e-22,-0.012494,-0.043448,1,0.20938,0.090208,0,0.0582
1.0664,3.5145e-22,-0.012385,-0.043296,1,0.20968,0.09024,0,0.0585
1.0662,9.2173e-22,-0.012277,-0.043145,1,0.20998,0.090272,0,0.0588
1.066,3.6399e-22,-0.01217,-0.042995,1,0.21029,0.090304,0,0.0591
1.0658,-8.1279e-23,-0.012064,-0.042846,1,0.21059,0.090336,0,0.0594
1.0656,-5.6268e-22,-0.011958,-0.042698,1,0.21089,0.090368,0,0.0597
1.0654,-1.0222e-21,-0.011854,-0.04255,1,0.21119,0.0904,0,0.06
1.0652,-1.3304e-21,-0.011751,-0.042403,1,0.21149,0.090432,0,0.0603
1.0649,-2.9951e-22,-0.011649,-0.042258,1,0.21179,0.090464,0,0.0606
1.0647,3.7e-22,-0.011548,-0.042113,1,0.2121,0.090496,0,0.0609
1.0645,6.0741e-22,-0.011447,-0.041968,1,0.2124,0.090528,0,0.0612
1.0643,5.6573e-22,-0.011348,-0.041825,1,0.2127,0.09056,0,0.0615
1.0641,3.7091e-22,-0.01125,-0.041683,1,0.213,0.090592,0,0.0618
1.0639,-8.8212e-23,-0.011152,-0.041541,1,0.2133,0.090624,0,0.0621
1.0637,-1.7115e-22,-0.011056,-0.0414,1,0.2136,0.090656,0,0.0624
1.0635,-7.8593e-23,-0.01096,-0.04126,1,0.21391,0.090688,0,0.0627
1.0633,5.7729e-22,-0.010865,-0.041121,1,0.21421,0.09072,0,0.063
1.0631,8.4731e-22,-0.010771,-0.040982,1,0.21451,0.090752,0,0.0633
1.0629,6.3685e-22,-0.010678,-0.040844,1,0.21481,0.090784,0,0.0636
1.0627,4.9878e-22,-0.010586,-0.040708,1,0.21511,0.090816,0,0.0639
1.0625,3.311e-22,-0.010495,-0.040571,1,0.21542,0.090848,0,0.0642
1.0623,-2.7061e-22,-0.010404,-0.040436,1,0.21572,0.09088,0,0.0645
1.0621,-2.3517e-22,-0.010315,-0.040302,1,0.21602,0.090912,0,0.0648
1.0619,3.1681e-22,-0.010226,-0.040168,1,0.21632,0.090944,0,0.0651
1.0617,4.9532e-23,-0.010138,-0.040035,1,0.21662,0.090976,0,0.0654
1.0615,-3.0883e-22,-0.010051,-0.039903,1,0.21692,0.091008,0,0.0657
1.0613,-5.0366e-22,-0.0099644,-0.039772,1,0.21723,0.09104,0,0.066
1.0611,2.618e-22,-0.009879,-0.039641,1,0.21753,0.091072,0,0.0663
1.0609,1.0748e-21,-0.0097941,-0.039511,1,0.21783,0.091104,0,0.0666
1.0607,1.373e-22,-0.0097102,-0.039382,1,0.21813,0.091136,0,0.0669
1.0605,-3.2369e-22,-0.009627,-0.039254,1,0.21843,0.091168,0,0.0672
1.0603,-4.0252e-22,-0.0095443,-0.039126,1,0.21873,0.0912,0,0.0675
1.0601,1.8851e-22,-0.0094629,-0.039,1,0.21904,0.091232,0,0.0678
1.0599,5.2748e-22,-0.0093818,-0.038874,1,0.21934,0.091264,0,0.0681
1.0597,2.6633e-22,-0.0093016,-0.038748,1,0.21964,0.091296,0,0.0684
1.0595,-2.0148e-22,-0.0092223,-0.038624,1,0.21994,0.091328,0,0.0687
1.0593,-8.3113e-22,-0.0091434,-0.0385,1,0.22024,0.09136,0,0.069
1.0591,-1.0174e-21,-0.0090656,-0.038377,1,0.22054,0.091392,0,0.0693
1.0589,-8.9158e-22,-0.0089884,-0.038255,1,0.22085,0.091424,0,0.0696
1.0587,-3.5116e-22,-0.0089118,-0.038134,1,0.22115,0.091456,0,0.0699
1.0585,5.4482e-22,-0.0088361,-0.038013,1,0.22145,0.091488,0,0.0702
1.0583,1.3314e-21,-0.0087608,-0.037893,1,0.22175,0.09152,0,0.0705
1.0581,1.2022e-21,-0.0086865,-0.037774,1,0.22205,0.091552,0,0.0708
1.0579,6.011e-22,-0.0086127,-0.037655,1,0.22235,0.091584,0,0.0711
1.0577,-3.7395e-22,-0.0085394,-0.037537,1,0.22266,0.091616,0,0.0714
1.0576,-4.2676e-22,-0.0084671,-0.03742,1,0.22296,0.091648,0,0.0717
1.0574,-3.7421e-22,-0.0083952,-0.037304,1,0.22326,0.09168,0,0.072
1.0572,-3.0226e-22,-0.0083241,-0.037188,1,0.22356,0.091712,0,0.0723
1.057,-6.4242e-22,-0.0082537,-0.037073,1,0.22386,0.091744,0,0.0726
1.0568,-9.3511e-22,-0.0081837,-0.036959,1,0.22416,0.091776,0,0.0729
1.0566,4.8682e-22,-0.0081146,-0.036846,1,0.22447,0.091808,0,0.0732
1.0564,1.0181e-21,-0.0080461,-0.036733,1,0.22477,0.09184,0,0.0735
1.0562,4.9264e-22,-0.007978,-0.036621,1,0.22507,0.091872,0,0.0738
1.056,1.4556e-22,-0.0079109,-0.03651,1,0.22537,0.091904,0,0.0741
1.0558,4.5236e-24,-0.0078441,-0.036399,1,0.22567,0.091936,0,0.0744
1.0556,3.9247e-22,-0.007778,-0.036289,1,0.22597,0.091968,0,0.0747
1.0554,4.8567e-22,-0.0077126,-0.03618,1,0.22628,0.092,0,0.075
1.0552,3.017e-22,-0.0076474,-0.036071,1,0.22658,0.092032,0,0.0753
1.055,1.3769e-22,-0.0075832,-0.035963,1,0.22688,0.092064,0,0.0756
1.0549,-4.3581e-22,-0.0075194,-0.035856,1,0.22718,0.092096,0,0.0759
1.0547,-1.5133e-21,-0.0074561,-0.03575,1,0.22748,0.092128,0,0.0762
1.0545,-5.9926e-22,-0.0073935,-0.035644,1,0.22778,0.09216,0,0.0765
1.0543,6.1791e-22,-0.0073313,-0.035539,1,0.22809,0.092192,0,0.0768
1.0541,7.9866e-22,-0.0072699,-0.035434,1,0.22839,0.092224,0,0.0771
1.0539,1.9665e-22,-0.007209,-0.03533,1,0.22869,0.092256,0,0.0774
1.0537,-1.0179e-21,-0.0071484,-0.035227,1,0.22899,0.092288,0,0.0777
1.0535,-3.1376e-22,-0.0070887,-0.035125,1,0.22929,0.09232,0,0.078
1.0533,2.9635e-22,-0.0070293,-0.035023,1,0.2296,0.092352,0,0.0783
1.0532,8.5038e-23,-0.0069705,-0.034922,1,0.2299,0.092384,0,0.0786
1.053,-8.4324e-23,-0.0069123,-0.034822,1,0.2302,0.092416,0,0.0789
1.0528,-1.7377e-22,-0.0068543,-0.034722,1,0.2305,0.092448,0,0.0792
1.0526,3.754e-22,-0.0067972,-0.034623,1,0.2308,0.09248,0,0.0795
1.0524,3.509e-22,-0.0067403,-0.034524,1,0.2311,0.092512,0,0.0798
1.0522,-1.3488e-22,-0.0066839,-0.034426,1,0.23141,0.092544,0,0.0801
1.052,-6.0433e-22,-0.0066283,-0.034329,1,0.23171,0.092576,0,0.0804
1.0518,-8.6463e-22,-0.0065728,-0.034232,1,0.23201,0.092608,0,0.0807
1.0517,-2.959e-22,-0.0065181,-0.034136,1,0.23231,0.09264,0,0.081
1.0515,4.0062e-22,-0.0064638,-0.034041,1,0.23261,0.092672,0,0.0813
1.0513,1.305e-21,-0.0064098,-0.033946,1,0.23291,0.092704,0,0.0816
1.0511,7.3111e-22,-0.0063566,-0.033852,1,0.23322,0.092736,0,0.0819
1.0509,6.1434e-23,-0.0063036,-0.033759,1,0.23352,0.092768,0,0.0822
1.0507,-6.7449e-22,-0.0062511,-0.033666,1,0.23382,0.0928,0,0.0825
1.0505,-4.0618e-22,-0.0061992,-0.033574,1,0.23412,0.092832,0,0.0828
1.0504,4.3526e-23,-0.0061476,-0.033483,1,0.23442,0.092864,0,0.0831
1.0502,-2.9008e-22,-0.0060965,-0.033392,1,0.23472,0.092896,0,0.0834
1.05,-1.6929e-22,-0.0060458,-0.033301,1,0.23503,0.092928,0,0.0837
1.0498,5.706e-22,-0.0059955,-0.033212,1,0.23533,0.09296,0,0.084
1.0496,7.0017e-22,-0.0059458,-0.033123,1,0.23563,0.092992,0,0.0843
1.0494,3.1773e-22,-0.0058963,-0.033034,1,0.23593,0.093024,0,0.0846
1.0492,-8.3376e-22,-0.0058473,-0.032946,1,0.23623,0.093056,0,0.0849
1.0491,-7.0328e-22,-0.0057988,-0.032859,1,0.23653,0.093088,0,0.0852
1.0489,2.5736e-22,-0.0057505,-0.032772,1,0.23684,0.09312,0,0.0855
1.0487,5.8721e-22,-0.005703,-0.032686,1,0.23714,0.093152,0,0.0858
1.0485,6.3805e-22,-0.0056556,-0.032601,1,0.23744,0.093184,0,0.0861
1.0483,2.8742e-22,-0.0056087,-0.032516,1,0.23774,0.093216,0,0.0864
1.0481,4.3849e-22,-0.0055623,-0.032431,1,0.23804,0.093248,0,0.0867
1.048,6.703e-22,-0.005516,-0.032348,1,0.23834,0.09328,0,0.087
1.0478,4.3919e-22,-0.0054704,-0.032264,1,0.23865,0.093312,0,0.0873
1.0476,-6.6147e-23,-0.005425,-0.032182,1,0.23895,0.093344,0,0.0876
1.0474,-6.4491e-22,-0.0053799,-0.0321,1,0.23925,0.093376,0,0.0879
1.0472,-7.1687e-22,-0.0053353,-0.032018,1,0.23955,0.093408,0,0.0882
1.0471,-5.7631e-22,-0.005291,-0.031937,1,0.23985,0.09344,0,0.0885
1.0469,9.325e-23,-0.0052471,-0.031857,1,0.24015,0.093472,0,0.0888
1.0467,2.2559e-22,-0.0052036,-0.031777,1,0.24046,0.093504,0,0.0891
1.0465,2.4086e-22,-0.0051603,-0.031698,1,0.24076,0.093536,0,0.0894
1.0463,8.3327e-23,-0.0051177,-0.03162,1,0.24106,0.093568,0,0.0897
1.0461,1.449e-22,-0.0050752,-0.031542,1,0.24136,0.0936,0,0.09
1.046,4.6384e-22,-0.005033,-0.031464,1,0.24166,0.093632,0,0.0903
1.0458,-4.213e-22,-0.0049913,-0.031387,1,0.24196,0.093664,0,0.0906
1.0456,-1.2222e-21,-0.0049498,-0.031311,1,0.24227,0.093696,0,0.0909
1.0454,-5.2504e-22,-0.0049088,-0.031235,1,0.24257,0.093728,0,0.0912
1.0452,6.4488e-23,-0.0048681,-0.03116,1,0.24287,0.09376,0,0.0915
1.0451,4.8892e-22,-0.0048275,-0.031085,1,0.24317,0.093792,0,0.0918
1.0449,-1.2483e-22,-0.0047875,-0.031011,1,0.24347,0.093824,0,0.0921
1.0447,-3.2855e-22,-0.0047476,-0.030937,1,0.24378,0.093856,0,0.0924
1.0445,3.5471e-22,-0.0047081,-0.030864,1,0.24408,0.093888,0,0.0927
1.0443,3.9399e-22,-0.004669,-0.030791,1,0.24438,0.09392,0,0.093
1.0442,1.51e-22,-0.00463,-0.030719,1,0.24468,0.093952,0,0.0933
1.044,-2.4651e-22,-0.0045915,-0.030648,1,0.24498,0.093984,0,0.0936
1.0438,-3.507e-22,-0.0045532,-0.030577,1,0.24528,0.094016,0,0.0939
1.0436,-2.2279e-23,-0.0045152,-0.030506,1,0.24559,0.094048,0,0.0942
1.0434,1.4366e-23,-0.0044777,-0.030436,1,0.24589,0.09408,0,0.0945
1.0433,-1.4914e-22,-0.0044402,-0.030367,1,0.24619,0.094112,0,0.0948
1.0431,-3.9446e-22,-0.0044032,-0.030298,1,0.24649,0.094144,0,0.0951
1.0429,-2.21e-22,-0.0043664,-0.030229,1,0.24679,0.094176,0,0.0954
1.0427,3.3508e-22,-0.0043298,-0.030161,1,0.24709,0.094208,0,0.0957
1.0425,5.1412e-23,-0.0042937,-0.030094,1,0.2474,0.09424,0,0.096
1.0424,1.7627e-24,-0.0042576,-0.030027,1,0.2477,0.094272,0,0.0963
1.0422,6.0691e-22,-0.0042219,-0.029961,1,0.248,0.094304,0,0.0966
1.042,9.0214e-22,-0.0041865,-0.029895,1,0.2483,0.094336,0,0.0969
1.0418,8.9711e-22,-0.0041513,-0.029829,1,0.2486,0.094368,0,0.0972
1.0416,-5.8852e-23,-0.0041165,-0.029764,1,0.2489,0.0944,0,0.0975
1.0415,-4.61e-22,-0.0040818,-0.0297,1,0.24921,0.094432,0,0.0978
1.0413,-2.6731e-22,-0.0040474,-0.029636,1,0.24951,0.094464,0,0.0981
1.0411,-1.9286e-22,-0.0040133,-0.029573,1,0.24981,0.094496,0,0.0984
1.0409,-1.2283e-22,-0.0039794,-0.02951,1,0.25011,0.094528,0,0.0987
1.0408,1.9496e-22,-0.0039458,-0.029447,1,0.25041,0.09456,0,0.099
1.0406,8.2663e-23,-0.0039125,-0.029385,1,0.25071,0.094592,0,0.0993
1.0404,-3.1155e-22,-0.0038792,-0.029324,1,0.25102,0.094624,0,0.0996
1.0402,-3.6867e-22,-0.0038464,-0.029263,1,0.25132,0.094656,0,0.0999
1.04,-2.6798e-22,-0.0038137,-0.029202,1,0.25162,0.094688,0,0.1002
1.0399,7.4281e-23,-0.0037812,-0.029142,1,0.25192,0.09472,0,0.1005
1.0397,1.5898e-22,-0.003749,-0.029082,1,0.25222,0.094752,0,0.1008
1.0395,1.8328e-22,-0.003717,-0.029023,1,0.25252,0.094784,0,0.1011
1.0393,2.8691e-22,-0.0036853,-0.028965,1,0.25283,0.094816,0,0.1014
1.0391,2.1099e-22,-0.0036537,-0.028906,1,0.25313,0.094848,0,0.1017
1.039,-2.4245e-23,-0.0036224,-0.028849,1,0.25343,0.09488,0,0.102
1.0388,-1.6119e-22,-0.0035913,-0.028792,1,0.25373,0.094912,0,0.1023
1.0386,-1.7319e-22,-0.0035604,-0.028735,1,0.25403,0.094944,0,0.1026
1.0384,-3.4339e-23,-0.0035297,-0.028678,1,0.25433,0.094976,0,0.1029
1.0383,-2.4556e-23,-0.0034993,-0.028623,1,0.25464,0.095008,0,0.1032
1.0381,-9.6207e-23,-0.003469,-0.028567,1,0.25494,0.09504,0,0.1035
1.0379,-5.671e-23,-0.003439,-0.028512,1,0.25524,0.095072,0,0.1038
1.0377,-6.061e-23,-0.0034091,-0.028458,1,0.25554,0.095104,0,0.1041
1.0375,-6.8861e-23,-0.0033794,-0.028404,1,0.25584,0.095136,0,0.1044
1.0374,3.6093e-23,-0.00335,-0.02835,1,0.25614,0.095168,0,0.1047
1.0372,1.3288e-22,-0.0033206,-0.028297,1,0.25645,0.0952,0,0.105
1.037,1.3916e-22,-0.0032916,-0.028244,1,0.25675,0.095232,0,0.1053
1.0368,2.4668e-23,-0.0032626,-0.028192,1,0.25705,0.095264,0,0.1056
1.0367,-1.7301e-22,-0.0032339,-0.02814,1,0.25735,0.095296,0,0.1059
1.0365,-9.3453e-23,-0.0032054,-0.028088,1,0.25765,0.095328,0,0.1062
1.0363,2.5904e-23,-0.003177,-0.028037,1,0.25796,0.09536,0,0.1065
1.0361,1.8472e-22,-0.0031488,-0.027987,1,0.25826,0.095392,0,0.1068
1.0359,9.7046e-23,-0.0031209,-0.027937,1,0.25856,0.095424,0,0.1071
1.0358,-1.2931e-22,-0.003093,-0.027887,1,0.25886,0.095456,0,0.1074
1.0356,9.3466e-23,-0.0030654,-0.027838,1,0.25916,0.095488,0,0.1077
1.0354,1.6938e-22,-0.0030379,-0.027789,1,0.25946,0.09552,0,0.108
1.0352,-1.4992e-22,-0.0030106,-0.02774,1,0.25977,0.095552,0,0.1083
1.0351,-2.357e-22,-0.0029834,-0.027693,1,0.26007,0.095584,0,0.1086
1.0349,-1.8179e-22,-0.0029563,-0.027645,1,0.26037,0.095616,0,0.1089
1.0347,2.8434e-22,-0.0029295,-0.027598,1,0.26067,0.095648,0,0.1092
1.0345,2.6023e-22,-0.0029028,-0.027551,1,0.26097,0.09568,0,0.1095
1.0343,-3.5605e-22,-0.0028763,-0.027505,1,0.26127,0.095712,0,0.1098
1.0342,-1.4341e-22,-0.0028499,-0.027459,1,0.26158,0.095744,0,0.1101
1.034,1.3558e-22,-0.0028236,-0.027413,1,0.26188,0.095776,0,0.1104
1.0338,1.3577e-22,-0.0027976,-0.027368,1,0.26218,0.095808,0,0.1107
1.0336,-8.3896e-23,-0.0027717,-0.027323,1,0.26248,0.09584,0,0.111
1.0334,-4.5275e-22,-0.0027458,-0.027279,1,0.26278,0.095872,0,0.1113
1.0333,-1.9397e-22,-0.0027202,-0.027235,1,0.26308,0.095904,0,0.1116
1.0331,-1.8561e-23,-0.0026947,-0.027192,1,0.26339,0.095936,0,0.1119
1.0329,-1.6819e-22,-0.0026694,-0.027149,1,0.26369,0.095968,0,0.1122
1.0327,-1.4426e-22,-0.0026441,-0.027106,1,0.26399,0.096,0,0.1125
1.0325,-5.0616e-23,-0.002619,-0.027064,1,0.26429,0.096032,0,0.1128
1.0324,3.1769e-22,-0.002594,-0.027022,1,0.26459,0.096064,0,0.1131
1.0322,3.8006e-22,-0.0025692,-0.026981,1,0.26489,0.096096,0,0.1134
1.032,1.4575e-22,-0.0025444,-0.026939,1,0.2652,0.096128,0,0.1137
1.0318,-2.3181e-23,-0.0025199,-0.026899,1,0.2655,0.09616,0,0.114
1.0316,-9.6409e-23,-0.0024953,-0.026858,1,0.2658,0.096192,0,0.1143
1.0315,1.4041e-22,-0.002471,-0.026819,1,0.2661,0.096224,0,0.1146
1.0313,3.5012e-24,-0.0024468,-0.026779,1,0.2664,0.096256,0,0.1149
1.0311,-4.4631e-22,-0.0024226,-0.02674,1,0.2667,0.096288,0,0.1152
1.0309,-4.2603e-22,-0.0023987,-0.026701,1,0.26701,0.09632,0,0.1155
1.0308,-2.4659e-22,-0.0023748,-0.026663,1,0.26731,0.096352,0,0.1158
1.0306,2.7775e-22,-0.002351,-0.026625,1,0.26761,0.096384,0,0.1161
1.0304,3.0946e-22,-0.0023274,-0.026587,1,0.26791,0.096416,0,0.1164
1.0302,9.9609e-23,-0.0023038,-0.02655,1,0.26821,0.096448,0,0.1167
1.03,1.6433e-22,-0.0022803,-0.026513,1,0.26851,0.09648,0,0.117
1.0298,1.3235e-22,-0.002257,-0.026476,1,0.26882,0.096512,0,0.1173
1.0297,-9.8856e-23,-0.0022337,-0.02644,1,0.26912,0.096544,0,0.1176
1.0295,-2.5821e-22,-0.0022106,-0.026405,1,0.26942,0.096576,0,0.1179
1.0293,-2.5077e-22,-0.0021875,-0.026369,1,0.26972,0.096608,0,0.1182
1.0291,2.8191e-22,-0.0021646,-0.026334,1,0.27002,0.09664,0,0.1185
1.0289,4.2143e-22,-0.0021417,-0.0263,1,0.27032,0.096672,0,0.1188
1.0287,1.8682e-22,-0.0021189,-0.026265,1,0.27063,0.096704,0,0.1191
1.0286,-1.2157e-22,-0.0020963,-0.026231,1,0.27093,0.096736,0,0.1194
1.0284,-2.9145e-22,-0.0020737,-0.026198,1,0.27123,0.096768,0,0.1197
1.0282,-1.7069e-22,-0.0020512,-0.026165,1,0.27153,0.0968,0,0.12
1.028,-4.5183e-24,-0.0020288,-0.026132,1,0.27183,0.096832,0,0.1203
1.0278,1.6644e-22,-0.0020065,-0.026099,1,0.27214,0.096864,0,0.1206
1.0276,3.4654e-22,-0.0019842,-0.026067,1,0.27244,0.096896,0,0.1209
1.0275,3.4822e-22,-0.0019621,-0.026035,1,0.27274,0.096928,0,0.1212
1.0273,9.2624e-23,-0.00194,-0.026004,1,0.27304,0.09696,0,0.1215
1.0271,3.2126e-24,-0.001918,-0.025973,1,0.27334,0.096992,0,0.1218
1.0269,6.3108e-24,-0.001896,-0.025942,1,0.27364,0.097024,0,0.1221
1.0267,-2.3281e-23,-0.0018742,-0.025912,1,0.27395,0.097056,0,0.1224
1.0265,-4.9333e-23,-0.0018524,-0.025882,1,0.27425,0.097088,0,0.1227
1.0264,-9.2903e-23,-0.0018306,-0.025852,1,0.27455,0.09712,0,0.123
1.0262,-1.0298e-22,-0.001809,-0.025823,1,0.27485,0.097152,0,0.1233
1.026,-8.7028e-23,-0.0017874,-0.025794,1,0.27515,0.097184,0,0.1236
1.0258,1.4672e-23,-0.0017659,-0.025765,1,0.27545,0.097216,0,0.1239
1.0256,1.647e-22,-0.0017445,-0.025737,1,0.27576,0.097248,0,0.1242
1.0254,3.5927e-22,-0.0017231,-0.025709,1,0.27606,0.09728,0,0.1245
1.0252,-6.3063e-23,-0.0017018,-0.025682,1,0.27636,0.097312,0,0.1248
1.025,-3.0705e-22,-0.0016805,-0.025654,1,0.27666,0.097344,0,0.1251
1.0249,-1.2334e-22,-0.0016592,-0.025627,1,0.27696,0.097376,0,0.1254
1.0247,2.8457e-23,-0.0016381,-0.025601,1,0.27726,0.097408,0,0.1257
1.0245,1.2081e-22,-0.001617,-0.025575,1,0.27757,0.09744,0,0.126
1.0243,-2.7637e-24,-0.0015959,-0.025549,1,0.27787,0.097472,0,0.1263
1.0241,-5.2882e-24,-0.0015749,-0.025523,1,0.27817,0.097504,0,0.1266
1.0239,1.3159e-22,-0.001554,-0.025498,1,0.27847,0.097536,0,0.1269
1.0237,9.017e-23,-0.0015331,-0.025473,1,0.27877,0.097568,0,0.1272
1.0235,7.8586e-24,-0.0015122,-0.025448,1,0.27907,0.0976,0,0.1275
1.0233,-5.5897e-23,-0.0014914,-0.025424,1,0.27938,0.097632,0,0.1278
1.0231,-3.8939e-23,-0.0014706,-0.0254,1,0.27968,0.097664,0,0.1281
1.0229,3.9991e-24,-0.0014499,-0.025377,1,0.27998,0.097696,0,0.1284
1.0227,-4.0169e-23,-0.0014292,-0.025353,1,0.28028,0.097728,0,0.1287
1.0226,-1.1551e-22,-0.0014086,-0.02533,1,0.28058,0.09776,0,0.129
1.0224,-1.8073e-22,-0.001388,-0.025308,1,0.28088,0.097792,0,0.1293
1.0222,-4.2216e-23,-0.0013674,-0.025285,1,0.28119,0.097824,0,0.1296
1.022,1.802e-22,-0.0013468,-0.025263,1,0.28149,0.097856,0,0.1299
1.0218,2.006e-22,-0.0013263,-0.025242,1,0.28179,0.097888,0,0.1302
1.0216,1.2558e-22,-0.0013058,-0.02522,1,0.28209,0.09792,0,0.1305
1.0214,-6.0188e-23,-0.0012854,-0.025199,1,0.28239,0.097952,0,0.1308
1.0212,-2.8289e-23,-0.001265,-0.025179,1,0.28269,0.097984,0,0.1311
1.021,5.5419e-23,-0.0012445,-0.025158,1,0.283,0.098016,0,0.1314
1.0208,4.1101e-23,-0.0012242,-0.025138,1,0.2833,0.098048,0,0.1317
1.0206,1.0915e-23,-0.0012038,-0.025119,1,0.2836,0.09808,0,0.132
1.0204,-3.0325e-23,-0.0011835,-0.025099,1,0.2839,0.098112,0,0.1323
1.0202,-1.0541e-22,-0.0011632,-0.02508,1,0.2842,0.098144,0,0.1326
1.02,-1.5965e-22,-0.0011429,-0.025061,1,0.2845,0.098176,0,0.1329
1.0198,-9.5012e-23,-0.0011226,-0.025043,1,0.28481,0.098208,0,0.1332
1.0196,3.9196e-23,-0.0011024,-0.025024,1,0.28511,0.09824,0,0.1335
1.0194,1.9197e-22,-0.0010821,-0.025007,1,0.28541,0.098272,0,0.1338
1.0192,5.9975e-23,-0.0010619,-0.024989,1,0.28571,0.098304,0,0.1341
1.019,-5.4504e-23,-0.0010417,-0.024972,1,0.28601,0.098336,0,0.1344
1.0187,-7.8664e-23,-0.0010215,-0.024955,1,0.28632,0.098368,0,0.1347
1.0185,-2.5292e-23,-0.0010013,-0.024938,1,0.28662,0.0984,0,0.135
1.0183,6.4653e-23,-0.00098104,-0.024922,1,0.28692,0.098432,0,0.1353
1.0181,2.0825e-23,-0.00096086,-0.024906,1,0.28722,0.098464,0,0.1356
1.0179,4.1095e-23,-0.00094067,-0.02489,1,0.28752,0.098496,0,0.1359
1.0177,1.3346e-22,-0.00092047,-0.024874,1,0.28782,0.098528,0,0.1362
1.0175,1.4692e-22,-0.0009003,-0.024859,1,0.28813,0.09856,0,0.1365
1.0173,8.8407e-23,-0.00088009,-0.024844,1,0.28843,0.098592,0,0.1368
1.017,-1.9501e-22,-0.0008599,-0.02483,1,0.28873,0.098624,0,0.1371
1.0168,-2.3812e-22,-0.00083969,-0.024816,1,0.28903,0.098656,0,0.1374
1.0166,-9.0194e-23,-0.00081946,-0.024802,1,0.28933,0.098688,0,0.1377
1.0164,1.2588e-22,-0.00079925,-0.024788,1,0.28963,0.09872,0,0.138
1.0162,2.5598e-22,-0.00077901,-0.024775,1,0.28994,0.098752,0,0.1383
1.0159,1.3924e-22,-0.00075876,-0.024762,1,0.29024,0.098784,0,0.1386
1.0157,2.9936e-23,-0.0007385,-0.024749,1,0.29054,0.098816,0,0.1389
1.0155,-7.7135e-23,-0.00071821,-0.024736,1,0.29084,0.098848,0,0.1392
1.0153,-9.1622e-24,-0.00069792,-0.024724,1,0.29114,0.09888,0,0.1395
1.015,3.9162e-23,-0.0006776,-0.024712,1,0.29144,0.098912,0,0.1398
1.0148,5.6908e-23,-0.00065726,-0.024701,1,0.29175,0.098944,0,0.1401
1.0146,3.3383e-23,-0.00063689,-0.024689,1,0.29205,0.098976,0,0.1404
1.0143,-1.094e-23,-0.00061649,-0.024678,1,0.29235,0.099008,0,0.1407
1.0141,-1.5665e-23,-0.00059607,-0.024667,1,0.29265,0.09904,0,0.141
1.0138,-7.2677e-24,-0.00057561,-0.024657,1,0.29295,0.099072,0,0.1413
1.0136,2.5022e-23,-0.00055511,-0.024647,1,0.29325,0.099104,0,0.1416
1.0133,1.6526e-23,-0.00053457,-0.024637,1,0.29356,0.099136,0,0.1419
1.0131,-1.3787e-23,-0.00051398,-0.024627,1,0.29386,0.099168,0,0.1422
1.0128,-9.4354e-23,-0.00049334,-0.024618,1,0.29416,0.0992,0,0.1425
1.0126,-8.4863e-23,-0.00047265,-0.024609,1,0.29446,0.099232,0,0.1428
1.0123,2.5015e-24,-0.0004519,-0.0246,1,0.29476,0.099264,0,0.1431
1.012,1.6683e-23,-0.00043108,-0.024592,1,0.29506,0.099296,0,0.1434
1.0118,1.8356e-23,-0.00041021,-0.024584,1,0.29537,0.099328,0,0.1437
1.0115,2.0705e-24,-0.00038927,-0.024576,1,0.29567,0.09936,0,0.144
1.0112,6.272e-24,-0.00036828,-0.024568,1,0.29597,0.099392,0,0.1443
1.0109,2.2557e-23,-0.00034722,-0.024561,1,0.29627,0.099424,0,0.1446
1.0106,2.5139e-23,-0.00032613,-0.024554,1,0.29657,0.099456,0,0.1449
1.0103,3.43e-23,-0.00030502,-0.024547,1,0.29687,0.099488,0,0.1452
1.01,4.934e-23,-0.00028391,-0.02454,1,0.29718,0.09952,0,0.1455
1.0097,1.8103e-23,-0.00026286,-0.024534,1,0.29748,0.099552,0,0.1458
1.0094,-2.2194e-23,-0.00024184,-0.024528,1,0.29778,0.099584,0,0.1461
1.0091,-3.9223e-23,-0.00022104,-0.024523,1,0.29808,0.099616,0,0.1464
1.0088,-3.6711e-23,-0.00020042,-0.024517,1,0.29838,0.099648,0,0.1467
1.0085,-1.1342e-23,-0.00018001,-0.024512,1,0.29868,0.09968,0,0.147
1.0082,1.2426e-23,-0.00016011,-0.024507,1,0.29899,0.099712,0,0.1473
1.0079,3.0472e-23,-0.00014043,-0.024503,1,0.29929,0.099744,0,0.1476
1.0076,-3.9076e-25,-0.00012139,-0.024498,1,0.29959,0.099776,0,0.1479
1.0073,-8.6996e-24,-0.00010281,-0.024494,1,0.29989,0.099808,0,0.1482
1.0071,7.2512e-25,-8.4597e-05,-0.02449,1,0.30019,0.09984,0,0.1485
1.0069,5.4117e-25,-6.7154e-05,-0.024487,1,0.3005,0.099872,0,0.1488
1.0067,-1.4603e-24,-4.9926e-05,-0.024484,1,0.3008,0.099904,0,0.1491
1.0066,-2.7137e-24,-3.3159e-05,-0.024481,1,0.3011,0.099936,0,0.1494
1.0065,-2.8979e-24,-2.1808e-05,-0.024478,1,0.3014,0.099968,0,0.1497
1.0065,-2.2094e-24,-1.3534e-05,-0.024476,1,0.3017,0.1,0,0.15
